"Y1","Y2","Y3","Y4","Y5","Y6","Y7","Y8","Y9","Y10","Y11","Y12","Y13","Y14","Y15","Y16","Y17","Y18","Y19","Y20","Y21","Y22","Y23","Y24","Y25","Y26","Y27","Y28","Y29","Y30","Y31","Y32","Y33","Y34","Y35","Y36","Y37","Y38","Y39","Y40","Y41","Y42","Y43","Y44","Y45","Y46","Y47","Y48","Y49","Y50","Y51","Y52","Y53","Y54","Y55","Y56","Y57","Y58","Y59","Y60","Y61","Y62","Y63","Y64","Y65","Y66","Y67","Y68","Y69","Y70","Y71","Y72","Y73","Y74","Y75","Y76","Y77","Y78","Y79","Y80","Y81","Y82","Y83","Y84","Y85","Y86","Y87","Y88","Y89","Y90","Y91","Y92","Y93","Y94","Y95","Y96","Y97","Y98","Y99","Y100","Y101","Y102","Y103","Y104","Y105","Y106","Y107","Y108","Y109","Y110","Y111","Y112","Y113","Y114","Y115","Y116","Y117","Y118","Y119","Y120","Y121","Y122","Y123","Y124","Y125","Y126","Y127","Y128","Y129","Y130","Y131","Y132","Y133","Y134","Y135","Y136","Y137","Y138","Y139","Y140","Y141","Y142","Y143","Y144","Y145","Y146","Y147","Y148","Y149","Y150","Y151","Y152","Y153","Y154","Y155","Y156","Y157","Y158","Y159","Y160","Y161","Y162","Y163","Y164","Y165","Y166","Y167","Y168","Y169","Y170","Y171","Y172","Y173","Y174","Y175","Y176","Y177","Y178","Y179","Y180","Y181","Y182","Y183","Y184","Y185","Y186","Y187","Y188","Y189","Y190","Y191","Y192","Y193","Y194","Y195","Y196","Y197","Y198","Y199","Y200","Y201","Y202","Y203","Y204","Y205","Y206","Y207","Y208","Y209","Y210","Y211","Y212","Y213","Y214","Y215","Y216","Y217","Y218","Y219","Y220","Y221","Y222","Y223","Y224","Y225","Y226","Y227","Y228","Y229","Y230","Y231","Y232","Y233","Y234","Y235","Y236","Y237","Y238","Y239","Y240","Y241","Y242","Y243","Y244","Y245","Y246","Y247","Y248","Y249","Y250","Y251","Y252","Y253","Y254","Y255","Y256","Y257","Y258","Y259","Y260","Y261","Y262","Y263","Y264","Y265","Y266","Y267","Y268","Y269","Y270","Y271","Y272","Y273","Y274","Y275","Y276","Y277","Y278","Y279","Y280","Y281","Y282","Y283","Y284","Y285","Y286","Y287","Y288","Y289","Y290","Y291","Y292","Y293","Y294","Y295","Y296","Y297","Y298","Y299","Y300","Y301","Y302","Y303","Y304","Y305","Y306","Y307","Y308","Y309","Y310","Y311","Y312","Y313","Y314","Y315","Y316","Y317","Y318","Y319","Y320","Y321","Y322","Y323","Y324","Y325","Y326","Y327","Y328","Y329","Y330","Y331","Y332","Y333","Y334","Y335","Y336","Y337","Y338","Y339","Y340","Y341","Y342","Y343","Y344","Y345","Y346","Y347","Y348","Y349","Y350","Y351","Y352","Y353","Y354","Y355","Y356","Y357","Y358","Y359","Y360","Y361","Y362","Y363","Y364","Y365","Y366","Y367","Y368","Y369","Y370","Y371","Y372","Y373","Y374","Y375","Y376","Y377","Y378","Y379","Y380","Y381","Y382","Y383","Y384","Y385","Y386","Y387","Y388","Y389","Y390","Y391","Y392","Y393","Y394","Y395","Y396","Y397","Y398","Y399","Y400","Y401","Y402","Y403","Y404","Y405","Y406","Y407","Y408","Y409","Y410","Y411","Y412","Y413","Y414","Y415","Y416","Y417","Y418","Y419","Y420","Y421","Y422","Y423","Y424","Y425","Y426","Y427","Y428","Y429","Y430","Y431","Y432","Y433","Y434","Y435","Y436","Y437","Y438","Y439","Y440","Y441","Y442","Y443","Y444","Y445","Y446","Y447","Y448","Y449","Y450","Y451","Y452","Y453","Y454","Y455","Y456","Y457","Y458","Y459","Y460","Y461","Y462","Y463","Y464","Y465","Y466","Y467","Y468","Y469","Y470","Y471","Y472","Y473","Y474","Y475","Y476","Y477","Y478","Y479","Y480","Y481","Y482","Y483","Y484","Y485","Y486","Y487","Y488","Y489","Y490","Y491","Y492","Y493","Y494","Y495","Y496","Y497","Y498","Y499","Y500","Y501","Y502","Y503","Y504","Y505","Y506","Y507","Y508","Y509","Y510","Y511","Y512","Y513","Y514","Y515","Y516","Y517","Y518"
,,,,,,,,,,,,,,,,,,,40671,,,,,,,,,,,,,,,,,,,,,,,,,,,,,,,,,,,,,,,,,,,,,,,,,,,,,,,,,,,,,,,,,,,,,,,,,,,,,,,,,,,,,,,,,,,,,,,,,,,,,,,,,,,,,,,,,,,,,,,,,,,,,,,,,,,,103880,,,,,,,,,,,,,,,,,,,,,,,,,,,,,,,,,,,,,,,,,,,,,,,,,,,,,,,,,,,,,,,,,,,,,,,,,,,,,,,,,,,,,,,,,,,,,,,,,,,,,,,,,,,,,,,,,,,,,,,,,,,,,,,,,,,,,,,,,,,,,,,,,,,,,,,,,,,,,,,,,,,,,,,,,,,,,,,,,,,,,,,,,,,,,,,,,,,,,,,,,,,,,,,,,,,,,,,,,,,,,,,,,,,,,,,,,,,,,,,,,,,,,,,,,,,,,,,,,,,,,,,,,,,,,,,,,,,,,,,,,,,,,,,,,,,,,,,,,,,,,,,,,,,,,,,,,,,,,,,,,,,,,,,,,,,,,,,,,,,,,,,,,,,,,,,,,,,,,,,,,,,,,,
,,,,,,,,,,,,,,,,,,,53075,,,,,,,,,,,,,,,,,,,,,,,,,,,,,,,,,,,,,,,,,,,,,,,,,,,,,,,,,,,,,,,,,,,,,,,,,,,,,,,,,,,,,,,,,,,,,,,,,,,,,,,,,,,,,,,,,,,,,,,,,,,,,,,,,,,,126331,,,,,,,,,,,,,,,,,,,,,,,,,,,,,,,,,,,,,,,,,,,,,,,,,,,,,,,,,,,,,,,,,,,,,,,,,,,,,,,,,,,,,,,,,,,,,,,,,,,,,,,,,,,,,,,,,,,,,,,,,,,,,,,,,,,,,,,,,,,,,,,,,,,,,,,,,,,,,,,,,,,,,,,,,,,,,,,,,,,,,,,,,,,,,,,,,,,,,,,,,,,,,,,,,,,,,,,,,,,,,,,,,,,,,,,,,,,,,,,,,,,,,,,,,,,,,,,,,,,,,,,,,,,,,,,,,,,,,,,,,,,,,,,,,,,,,,,,,,,,,,,,,,,,,,,,,,,,,,,,,,,,,,,,,,,,,,,,,,,,,,,,,,,,,,,,,,,,,,,,,,,,,,
,,,,,,,,,,,,,,,,,,,76141,,,,,,,,,,,,,,,,,,,,,,,,,,,,,,,,,,,,,,,,,,,,,,,,,,,,,,,,,,,,,,,,,,,,,,,,,,,,,,,,,,,,,,,,,,,,,,,,,,,,,,,,,,,,,,,,,,,,,,,,,,,,,,,,,,,,139227,,,,,,,,,,,,,,,,,,,,,,,,,,,,,,,,,,,,,,,,,,,,,,,,,,,,,,,,,,,,,,,,,,,,,,,,,,,,,,,,,,,,,,,,,,,,,,,,,,,,,,,,,,,,,,,,,,,,,,,,,,,,,,,,,,,,,,,,,,,,,,,,,,,,,,,,,,,,,,,,,,,,,,,,,,,,,,,,,,,,,,,,,,,,,,,,,,,,,,,,,,,,,,,,,,,,,,,,,,,,,,,,,,,,,,,,,,,,,,,,,,,,,,,,,,,,,,,,,,,,,,,,,,,,,,,,,,,,,,,,,,,,,,,,,,,,,,,,,,,,,,,,,,,,,,,,,,,,,,,,,,,,,,,,,,,,,,,,,,,,,,,,,,,,,,,,,,,,,,,,,,,,,,
,,,,,,,,,,,,,,,,,,,118008,,,,,,,,,,,,,,,,,,,,,,,,,,,,,,,,,,,,,,,,,,,,,,,,,,,,,,,,,,,,,,,,,,,,,,,,,,,,,,,,,,,,,,,,,,,,,,,,,,,,,,,,,,,,,,,,,,,,,,,,,,,,,,,,,,,,196868,,,,,,,,,,,,,,,,,,,,,,,,,,,,,,,,,,,,,,,,,,,,,,,,,,,,,,,,,,,,,,,,,,,,,,,,,,,,,,,,,,,,,,,,,,,,,,,,,,,,,,,,,,,,,,,,,,,,,,,,,,,,,,,,,,,,,,,,,,,,,,,,,,,,,,,,,,,,,,,,,,,,,,,,,,,,,,,,,,,,,,,,,,,,,,,,,,,,,,,,,,,,,,,,,,,,,,,,,,,,,,,,,,,,,,,,,,,,,,,,,,,,,,,,,,,,,,,,,,,,,,,,,,,,,,,,,,,,,,,,,,,,,,,,,,,,,,,,,,,,,,,,,,,,,,,,,,,,,,,,,,,,,,,,,,,,,,,,,,,,,,,,,,,,,,,,,,,,,,,,,,,,,,
,,,,,,,,,,,,,,,,,,,162363,,,,,,,,,,,,,,,,,,,,,,,,,,,,,,,,,,,,,,,,,,,,,,,,,,,,,,,,,,,,,,,,,,,,,,,,,,,,,,,,,,,,,,,,,,,,,,,,,,,,,,,,,,,,,,,,,,,,,,,,,,,,,,,,,,,,232397,,,,,,,,,,,,,,,,,,,,,,,,,,,,,,,,,,,,,,,,,,,,,,,,,,,,,,,,,,,,,,,,,,,,,,,,,,,,,,,,,,,,,,,,,,,,,,,,,,,,,,,,,,,,,,,,,,,,,,,,,,,,,,,,,,,,,,,,,,,,,,,,,,,,,,,,,,,,,,,,,,,,,,,,,,,,,,,,,,,,,,,,,,,,,,,,,,,,,,,,,,,,,,,,,,,,,,,,,,,,,,,,,,,,,,,,,,,,,,,,,,,,,,,,,,,,,,,,,,,,,,,,,,,,,,,,,,,,,,,,,,,,,,,,,,,,,,,,,,,,,,,,,,,,,,,,,,,,,,,,,,,,,,,,,,,,,,,,,,,,,,,,,,,,,,,,,,,,,,,,,,,,,,
,,,,,,,,,,,,,,,,,,,215060,,,,,,,,,,,,,,,,,,,,,,,,,,,,,,,,,,,,,,,,,,,,,,,,,,,,,,,,,,,,,,,,,,,,,,,,,,,,,,,,,,,,,,,,,,,,,,,,,,,,,,,,,,,,,,,,,,,,,,,,,,,,,,,,,,,,290503,,,,,,,,,,,,,,,,,,,,,,,,,,,,,,,,,,,,,,,,,,,,,,,,,,,,,,,,,,,,,,,,,,,,,,,,,,,,,,,,,,,,,,,,,,,,,,,,,,,,,,,,,,,,,,,,,,,,,,,,,,,,,,,,,,,,,,,,,,,,,,,,,,,,,,,,,,,,,,,,,,,,,,,,,,,,,,,,,,,,,,,,,,,,,,,,,,,,,,,,,,,,,,,,,,,,,,,,,,,,,,,,,,,,,,,,,,,,,,,,,,,,,,,,,,,,,,,,,,,,,,,,,,,,,,,,,,,,,,,,,,,,,,,,,,,,,,,,,,,,,,,,,,,,,,,,,,,,,,,,,,,,,,,,,,,,,,,,,,,,,,,,,,,,,,,,,,,,,,,,,,,,,,
,,,,,,,,,,,,,,,,,,,262354,,,,,,,,,,,,,,,,,,,,,,,,,,,,,,,,,,,,,,,,,,,,,,,,,,,,,,,,,,,,,,,,,,,,,,,,,,,,,,,,,,,,,,,,,,,,,,,,,,,,,,,,,,,,,,,,,,,,,,,,,,,,,,,,,,,,387609,,,,,,,,,,,,,,,,,,,,,,,,,,,,,,,,,,,,,,,,,,,,,,,,,,,,,,,,,,,,,,,,,,,,,,,,,,,,,,,,,,,,,,,,,,,,,,,,,,,,,,,,,,,,,,,,,,,,,,,,,,,,,,,,,,,,,,,,,,,,,,,,,,,,,,,,,,,,,,,,,,,,,,,,,,,,,,,,,,,,,,,,,,,,,,,,,,,,,,,,,,,,,,,,,,,,,,,,,,,,,,,,,,,,,,,,,,,,,,,,,,,,,,,,,,,,,,,,,,,,,,,,,,,,,,,,,,,,,,,,,,,,,,,,,,,,,,,,,,,,,,,,,,,,,,,,,,,,,,,,,,,,,,,,,,,,,,,,,,,,,,,,,,,,,,,,,,,,,,,,,,,,,,
,,,,,,,,,,,,,,,,,,,293761,,,,,,,,,,,,,,,,,,,,,,,,,,,,,,,,,,,,,,,,,,,,,,,,,,,,,,,,,,,,,,,,,,,,,,,,,,,,,,,,,,,,,,,,,,,,,,,,,,,,,,,,,,,,,,,,,,,,,,,,,,,,,,,,,,,,482969,,,,,,,,,,,,,,,,,,,,,,,,,,,,,,,,,,,,,,,,,,,,,,,,,,,,,,,,,,,,,,,,,,,,,,,,,,,,,,,,,,,,,,,,,,,,,,,,,,,,,,,,,,,,,,,,,,,,,,,,,,,,,,,,,,,,,,,,,,,,,,,,,,,,,,,,,,,,,,,,,,,,,,,,,,,,,,,,,,,,,,,,,,,,,,,,,,,,,,,,,,,,,,,,,,,,,,,,,,,,,,,,,,,,,,,,,,,,,,,,,,,,,,,,,,,,,,,,,,,,,,,,,,,,,,,,,,,,,,,,,,,,,,,,,,,,,,,,,,,,,,,,,,,,,,,,,,,,,,,,,,,,,,,,,,,,,,,,,,,,,,,,,,,,,,,,,,,,,,,,,,,,,,
,,,,,,,,,,,,,,,,,,,307367,,,,,,,,,,,,,,,,,,,,,,,,,,,,,,,,,,,,,,,,,,,,,,,,,,,,,,,,,,,,,,,,,,,,,,,,,,,,,,,,,,,,,,,,,,,,,,,,,,,,,,,,,,,,,,,,,,,,,,,,,,,,,,,,,,,,589066,,,,,,,,,,,,,,,,,,,,,,,,,,,,,,,,,,,,,,,,,,,,,,,,,,,,,,,,,,,,,,,,,,,,,,,,,,,,,,,,,,,,,,,,,,,,,,,,,,,,,,,,,,,,,,,,,,,,,,,,,,,,,,,,,,,,,,,,,,,,,,,,,,,,,,,,,,,,,,,,,,,,,,,,,,,,,,,,,,,,,,,,,,,,,,,,,,,,,,,,,,,,,,,,,,,,,,,,,,,,,,,,,,,,,,,,,,,,,,,,,,,,,,,,,,,,,,,,,,,,,,,,,,,,,,,,,,,,,,,,,,,,,,,,,,,,,,,,,,,,,,,,,,,,,,,,,,,,,,,,,,,,,,,,,,,,,,,,,,,,,,,,,,,,,,,,,,,,,,,,,,,,,,
,,,,,,,,,,,,,,,,,,,350017,,,,,,,,,,,,,,,,,,,,,,,,,,,,,,,,,,,,,,,,,,,,,,,,,,,,,,,,,,,,,,,,,,,,,,,,,,,,,,,,,,,,,,,,,,,,,,,,,,,,,,,,,,,,,,,,,,,,,,,,,,,,,,,,,,,,769908,,,,,,,,,,,,,,,,,,,,,,,,,,,,,,,,,,,,,,,,,,,,,,,,,,,,,,,,,,,,,,,,,,,,,,,,,,,,,,,,,,,,,,,,,,,,,,,,,,,,,,,,,,,,,,,,,,,,,,,,,,,,,,,,,,,,,,,,,,,,,,,,,,,,,,,,,,,,,,,,,,,,,,,,,,,,,,,,,,,,,,,,,,,,,,,,,,,,,,,,,,,,,,,,,,,,,,,,,,,,,,,,,,,,,,,,,,,,,,,,,,,,,,,,,,,,,,,,,,,,,,,,,,,,,,,,,,,,,,,,,,,,,,,,,,,,,,,,,,,,,,,,,,,,,,,,,,,,,,,,,,,,,,,,,,,,,,,,,,,,,,,,,,,,,,,,,,,,,,,,,,,,,,
,,,,,,,,,,,,,,,,,,,491394,,,,,,,,,,,,,,,,,,,,,,,,,,,,,,,,,,,,,,,,,,,,,,,,,,,,,,,,,,,,,,,,,,,,,,,,,,,,,,,,,,,,,,,,,,,,,,,,,,,,,,,,,,,,,,,,,,,,,,,,,,,,,,,,,,,,842643,,,,,,,,,,,,,,,,,,,,,,,,,,,,,,,,,,,,,,,,,,,,,,,,,,,,,,,,,,,,,,,,,,,,,,,,,,,,,,,,,,,,,,,,,,,,,,,,,,,,,,,,,,,,,,,,,,,,,,,,,,,,,,,,,,,,,,,,,,,,,,,,,,,,,,,,,,,,,,,,,,,,,,,,,,,,,,,,,,,,,,,,,,,,,,,,,,,,,,,,,,,,,,,,,,,,,,,,,,,,,,,,,,,,,,,,,,,,,,,,,,,,,,,,,,,,,,,,,,,,,,,,,,,,,,,,,,,,,,,,,,,,,,,,,,,,,,,,,,,,,,,,,,,,,,,,,,,,,,,,,,,,,,,,,,,,,,,,,,,,,,,,,,,,,,,,,,,,,,,,,,,,,,
,,,,,,,,,,,,,,,,,,,652289,,,,,,,,,,,,,,,,,,,,,,,,,,,,,,,,,,,,,,,,,,,,,,,,,,,,,,,,,,,,,,,,,,,,,,,,,,,,,,,,,,,,,,,,,,,,,,,,,,,,,,,,,,,,,,,,,,,,,,,,,,,,,,,,,,,,1204030,,,,,,,,,,,,,,,,,,,,,,,,,,,,,,,,,,,,,,,,,,,,,,,,,,,,,,,,,,,,,,,,,,,,,,,,,,,,,,,,,,,,,,,,,,,,,,,,,,,,,,,,,,,,,,,,,,,,,,,,,,,,,,,,,,,,,,,,,,,,,,,,,,,,,,,,,,,,,,,,,,,,,,,,,,,,,,,,,,,,,,,,,,,,,,,,,,,,,,,,,,,,,,,,,,,,,,,,,,,,,,,,,,,,,,,,,,,,,,,,,,,,,,,,,,,,,,,,,,,,,,,,,,,,,,,,,,,,,,,,,,,,,,,,,,,,,,,,,,,,,,,,,,,,,,,,,,,,,,,,,,,,,,,,,,,,,,,,,,,,,,,,,,,,,,,,,,,,,,,,,,,,,,
,43595,,,,,,,,,,,,,,,,,,757907,,,,,,,,,,,,,,,,,,,,,,,,,,,,,,,,,,,,,,,,,,,,,,,,,,,,,,,,,,,,,,,,,,,,,,,,,,,,,,,,,,227921,18441,27186,43595,86060,486677,12829,17913,50020,47925,,,,,,,,,,,,,,,,,,,,,,,,,,,,,,,,,,,,,,,,,1472301,,,,,,,,,,,,,,,,,,,,,,,,,,,,,,,,,,,,,,,,,,,,,,,,,,,,,,,,,,,,,,,,,,,,,,,,,,,,,,,,,,,,,,,,,,,,,,,,,,,,,,,,,,,,,,,,,,,,,,,,,,,,,,,,,,,,,,,,,,,,,,,,,,,,,,,,,,,,,,,,,,,,,,,,,,,,,,,,,,,,,,,,,,,,,,,,,,,,,,,,,,,,,,,,,,,,,,,,,,,,,,,,,,,,,,,,,,,,,,,,,,,,,,,,,,,,,,,,,,,,,,,,,,,,,,,,,,,,,,,,,,,,,,,,,,,,,,,,,,,,,,,,,,,,,,,,,,,,,,,,,,,,,,,,,,,,,,,,,,,,,,,,,,,,,,,,,,,,,,,,,,,,,,
,43032,,,,,,,,,,,,,,,,,,793799,,,,,,,,,,,,,,,,,,,,,,,,,,,,,,,,,,,,,,,,,,,,,,,,,,,,,,,,,,,,,,,,,,,,,,,,,,,,,,,,,,230995,21934,27921,43032,105429,423098,15676,27161,58718,54832,,,,,,,,,,,,,,,,,,,,,,,,,,,,,,,,,,,,,,,,,1506262,,,,,,,,,,,,,,,,,,,,,,,,,,,,,,,,,,,,,,,,,,,,,,,,,,,,,,,,,,,,,,,,,,,,,,,,,,,,,,,,,,,,,,,,,,,,,,,,,,,,,,,,,,,,,,,,,,,,,,,,,,,,,,,,,,,,,,,,,,,,,,,,,,,,,,,,,,,,,,,,,,,,,,,,,,,,,,,,,,,,,,,,,,,,,,,,,,,,,,,,,,,,,,,,,,,,,,,,,,,,,,,,,,,,,,,,,,,,,,,,,,,,,,,,,,,,,,,,,,,,,,,,,,,,,,,,,,,,,,,,,,,,,,,,,,,,,,,,,,,,,,,,,,,,,,,,,,,,,,,,,,,,,,,,,,,,,,,,,,,,,,,,,,,,,,,,,,,,,,,,,,,,,,
,47474,27829,,,,,,,,,,,,,,,,,907200,,,,,,,,,,,,,,,,,,,,,,,,,,,,,,,,,,,,,,,,,,,,,,,,,,,,,,,,,,,,,,,,,,,,,,,,,,,,,,,,,,183635,23739,32385,47474,127112,382740,18136,31997,80898,60539,20558,13764,42623,,,,,,,,,,,,,,,,,,,,,,,,,,,,,,,,,,,,,,1123711,,,,,,,,,,,,,,,,,,,,,,,,,1357,,,,,,,,,,,,,,,,,,,,,,,,,,,,,,,,,,,,,,,,,,,,,,,,,,,,,,,,,,,,,,,,,,,,,,,,,,,,,,,,,,,,,,,,,,,,,,,,,,,,,,,,,,,,,,,,,,,,,,,,,,,,,,,,,,,,,,,,,,,,,,,,,,,,,,,,,,,,,,,,,,,,,,,,,,,,,,,,,,,,,,,,,,,,,,,,,,,,,,,,,,,,,,,,,,,,,,,,,,,,,,,,,,,,,,,,,,,,,,,,,,,,,,,,,,,,,,,,,,,,,,,,,,,,,,,,,,,,,,,,,,,,,,,,,,,,,,,,,,,,,,,,,,,,,,,,,,,,,,,,,,,,,,,,,,,,,,,,,,,,,
,55141,35865,,,,,,,,,,,,,,,,,1036816,,,,,,,,,77,,,,,,,,,,,,,,,,,154377,9568,6262,,2731,,,64411,,,,,,,,,,,,,,,,,,,,,,,,,,,,,,,,,,,,,,,,,,,,,,,,,238605,34087,38746,55141,157360,437931,24748,38761,88240,77794,18149,14801,45580,,,,,,,,,,,,,,,,,,,,,,,,,,,,,,,,,,,,,,1196018,,,,,,,,,,,,,,,,,,,,,,,,,1538,,,,,,,,,,,,,,,,,,,,,,,,,,,,,,,,,,,,24086,7852,8520,,,72611,11025,,,,,,,,,,,,,,,,,,,,,,,,,,,,,,,,,,,,,,,,,,,,,,,,,,,,,,,,,,,,,,,,,,,,,,,,,,,,,,,,,,,,,,,,,,,,,,,,,,,,,,,,,,,,,,,,,,,,,,,,,,,,,,,,,,,,,,,,,,,,,,,,,,,,,,,,,,,,,,,,,,,,,,,,,,,,,,,,,,,,,,,,,,,,,,,,,,,,,,,,,,,,,,,,,,,,,,,,,,,,,,,,,,,,,,,,,,,,,,,,,,,,,,,,,,,,,,,,,,,,,,,,,,,,,,,,,,,,,,,,,,,,,,,,,,,,,,,,,,,
,62946,40311,,,,,,,,,,,,,,,,,982321,,,,,,,,,80,,,,,,,,,,,,,,,,,148108,10198,6324,,2679,,,75688,,,,,,,,,,,,,,,,,,,,,,,,,,,,,,,,,,,,,,,,,,,,,,,,,254186,40817,41356,62946,154849,485495,45672,52844,80775,87488,17380,14817,51862,,,,,,,,,,,,,,,,,,2876,2631,,,,,,,,,,,,,,,,,,,1034930,,,,,,,,,,,,,,,,,,,,,,,,,1850,,,,,,,,,,,,,,,,,,,,,,,,,,,,,,,,,,,,26860,10433,9245,,,73862,12336,,,,,,,,,,,,,,,,,,,,,,,,,,,,,,,,,,,,,,,,,,,,,,,,,,,,,,,,,,,,,,,,,,,,,,,,,,,,,,,,,,,,,,,,,,,,,,,,,,,,,,,,,,,,,,,,,,,,,,,,,,,,,,,,,,,,,,,,,,,,,,,,,,,,,,,,,,,,,,,,,,,,,,,,,,,,,,,,,,,,,,,,,,,,,,,,,,,,,,,,,,,,,,,,,,,,,,,,,,,,,,,,,,,,,,,,,,,,,,,,,,,,,,,,,,,,,,,,,,,,,,,,,,,,,,,,,,,,,,,,,,,,,,,,,,,,,,,,,,,
,66920,47186,,,850,2901,,,296,171,,,,,,,,,1056045,,,,,,,,85512,77,,,,,,,,,,,,,,,,,162563,10775,5982,,2877,,,76236,,,,,,,,,,,,,,,,,,,,,,,,,,,,,,,,,,,,,,,,,,,,,,,,,284642,46489,51851,66920,160004,487250,70139,86381,99764,128924,21018,13974,63395,,,,567,1941,1835,1181,3518,1449,,4664,882,,522,423,,,3624,2601,,,,,,,,,,,,,,,,,,,905056,,,,,,,,,,,,,,,,,,,,,,,,,2309,9963,,,,,,,,,,,,,,,,,,,,,,,,,,,,,,,,,,,30703,10011,9726,,,82229,15207,,,,,,,,,,,,,,,,,,,,,,,,,,,,,,,,,,,,,,,,,,,,,,,,,,,,,,,,,,,,,,,,,,,,,,,,,,,,,,,,,,,,,,,,,,,,,,,,,,,,,,,,,,,,,,,,,,,,,,,,,,,,,,,,,,,,,,,,,,,,,,,,,,,,,,,,,,,,,,,,,,,,,,,,,,,,,,,,,,,,,,,,,,,,,,,,,,,,,,,,,,,,,,,,,,,,,,,,,,,,,,,,,,,,,,,,,,,,,,,,,,,,,,,,,,,,,,,,,,,,,,,,,,,,,,,,,,,,,,,,,,,,,,,,,,,,,,,,,,,
,77191,56664,,,863,2902,,,399,199,,,,,,,,,1188949,2.4844,,,0.816,5.829,,,96387,87,,,,,,,,,,,,,,,,,200187,10839,8115,,3133,,,80972,,,,,,,,,,,,,,,,,,,,,,,,,,,,,,,,,,,,,,,,,,,,,,,,,303583,50226,58426,77191,139236,508011,61563,89549,132551,206344,27686,16857,73316,,,,627,2038,1934,1290,4090,1510,,4618,884,,590,524,,,3376,3004,,,,,,,,,,,,,,,,,,,1117103,0.7328,0.5899,0.8221,0.4736,0.7112,,,,,,0.408,0.9909,0.2332,0.1749,0.408,1.2823,0.5246,0.408,0.0581,0.059,0.4663,,,,2119,11628,,,,,,,,,,,,,,,,,,,,,,,,,,,,,,,,,,,34036,8880,9305,,,91453,18415,,,,,,,,,,,,,,,,,,,,,,,,,,,,,,,,,,,,,,,,,,,,,,,,,,,,,,,,,,,,,,,,,,,,,,,,,,,,,,,,,,,,,,,,,,,,,,,,,,,,,,,,,,,,,,,,,,,,,,,,,,,,,,,,,,,,,,,,,,,,,,,,,,,,,,,,,,,,,,,,,,,,,,,,,,,,,,,,,,,,,,,,,,,,,,,,,,,,,,,,,,,,,,,,,,,,,,,,,,,,,,,,,,,,,,,,,,,,,,,,,,,,,,,,,,,,,,,,,,,,,,,,,,,,,,,,,,,,,,,,,,,,,,,,,,,,,,,,,,,
,89661,68040,,,862,3024,,,474,217,,722,2631,,,,,,1279695,2.6326,,,0.6889,5.299,,,143746,90,,,,,,,,,,,,,,,,,274407,10393,8867,,3474,,,97004,,,,,,,,,,,,,,,,,,,,,,,,,,,,,,,,,,,,,,,,,,,,,,,,,346910,56352,61869,89661,166170,472182,45187,98628,148671,123644,33955,24296,80471,,,,621,2280,1990,1371,5128,1505,,5553,1161,,562,524,,,3281,3717,295,457,,,,,,,,,,,,,,,,,1166381,0.9409,0.591,0.8135,0.5826,0.8078,,,,,,0.2649,0.74186,0.212,0.159,0.3709,1.2718,0.5299,0.3179,0.0583,0.159,0.5246,,,,2545,17186,,,,,,,,,,,,,,,,,,,,,,,,,,,,,,,,,,,41637,11373,12602,,,117475,28797,,,,,,,,,,,,,,,,,,,,,,,,,,,,,,,,,,,,,,,,,,,,,,,,,,,,,,,,,,,,,,,,,,,,,,,,,,,,,,,,,,,,,,,,,,,,,,,,,,,,,,,,,,,,,,,,,,,,,,,,,,,,,,,,,,,,,,,,,,,,,,,,,,,,,,,,,,,,,,,,,,,,,,,,,,,,,,,,,,,,,,,,,,,,,,,,,,,,,,,,,,,,,,,,,,,,,,,,,,,,,,,,,,,,,,,,,,,,,,,,,,,,,,,,,,,,,,,,,,,,,,,,,,,,,,,,,,,,,,,,,,,,,,,,,,,,,,,,,,,
,101373,64008,,,868,3102,,,591,257,,829,2601,,,,,,1210972,2.6547,,,0.53,5.3,,,168473,84,,,,,,,,,,,,,,,,,307092,16407,12679,3588,4449,1573,11697,111469,73760,17224,507,10038,10639,130336,,,,,,,,,,,,,,,117383,2412,1085,65723,9994,252,204,148,2148,96,637,172,18597,7804,1644,2564,2596,1780,2696,4296,5508,2264,101201,,,,,,372133,64455,62926,101373,201793,507960,44943,104690,137715,135621,39730,29468,86307,,,,627,2550,1959,1414,5388,1637,,5650,1562,,541,500,,,4098,4218,255,513,,,,,,,,,,,,,,,,,1243173,0.8393,0.661,0.8336,0.6416,0.8361,,,,,,0.318,0.53,0.159,0.159,0.371,1.537,0.53,0.318,0.064,0.1591,0.6254,,,,2619,20392,,,,,,,,,,,,,,,,,,,,,,,,,,,,,,,,,,,48860,14915,16427,1480,28499,128470,35383,88080,904828,145934,27151,6475,6873,6317,4915,2478,1838,104,350,2624,55019,13704,29280,22566,28784,371636,81995,1347,3822,3601,5152,1874,136,501,73,180,2747,17588,8314,72970,9034,30679,23872,263885,32621,12687,2667,3469,1506,1435,1157,809,580,2678,26418,3974,14438,4713,46542,7675,1951,2484,3432,4455,467,953,587,370,3648,12444,2507,11782,4412,10477,24785,138971,,,,,,,,,,,,,,,,,,,,,,,,,,,,,,,,,,,,,,,,,,,,,,,,,,,,,,,,,,,,1229,1039,840,304,923,4335,54026,26205,20135,217749,51819,6161,6636,13184,77800,11788,3552,828,2388,18556,1568,168,188,488,548,113,72,352,7724,16412,99853,13924,392,2752,2128,19196,1036,16,64,552,1668,1444,508,500,336,2788,76,36,172,216,500,44,648,16744,996,3712,3392,24844,2216,476,520,356,3568,1156,352,212,428,340,77,124,1112,196,184,204,1696,176,104,96,192,568,448,216,200,368,1232,5448,1421,1336,1644,9849,22192,2417,5048,5036,34693,8072,17965,3992,4072,34101,1348,460,628,716,3152,184,40,48,444,9604,4660,4836,37697,5448,760,744,852,356,408,4972,1592,536,248,220,2224,684,936,1028,4872,272,196,448,11180,4740,2724,22940,20784,23337,7384,9132,60637,1152,624,192,108,2076,10104,6704,24580,12501,5295,1961,5482,25575,23757,11427,4417,11614,52231,249839,50778,60528,465163,,,,,,,,
,123904,79400,,,808,3068,,1860,701,235,141,923,3004,,,,,,1193964,2.6643,,,0.5485,6.094,,,237950,81,,,,,,,,,,,,,,,,,284330,20048,15072,3900,5531,2200,15099,114008,79011,20496,606,11079,10510,137421,,,,,,,,,,,,,,,111707,2621,1064,65474,10190,436,144,248,2152,216,860,164,21346,8725,1680,2557,3029,1868,2460,4329,5847,2292,107971,,,,,,377853,61413,58170,123904,216486,515697,58123,104505,145860,153133,42335,38212,99867,,,,557,2691,1902,1443,5913,1498,244,5592,1840,1175,556,449,84,717,4249,4902,458,604,,,,,,,,,,,,,,,,,1516260,0.8356,0.727,0.9267,0.6712,0.8658,,,,,,0.3656,0.609,0.1828,0.1206,0.3656,1.9501,0.6094,0.3047,0.0792,0.1889,0.7739,,,,2812,23796,,,,,,,,,,,,,,,,,,,,,,,,,,,,,,,,,,,53759,17100,19621,1718,30970,142255,39072,93278,936972,131910,33144,7084,9258,8292,6470,2787,2376,276,329,4033,53797,15265,34096,26355,33393,389361,77124,1227,4573,4003,5411,1909,150,796,168,272,3732,18097,8503,78869,9426,31318,25873,271451,32593,12737,3306,4171,1916,1617,1244,993,528,3029,28498,3833,15713,5048,42703,6651,2137,2189,4429,5076,357,1115,763,589,4305,13616,3369,13577,4102,10259,23502,138739,,,,,,,,,,,,,,,,,,,,,,,,,,,,,,,,,,,,,,,,,,,,,,,,,,,,,,,,,,,,1789,1140,846,330,1043,5148,55666,27407,19841,214621,51354,6577,7397,11470,76798,11912,3244,784,2392,18332,1636,221,136,628,572,148,92,252,8409,14742,98815,20188,404,3180,1964,25736,868,28,108,692,1696,1544,544,576,360,3024,220,32,196,268,716,108,936,23256,1120,4204,3532,32112,2580,576,676,496,4328,1240,336,228,348,344,72,228,1145,196,177,276,1794,185,180,140,200,705,468,337,292,396,1493,5962,1697,1741,1932,11332,29218,2817,5945,5464,43444,9328,20762,4172,3810,38072,1772,420,548,788,3528,80,36,44,324,11180,4756,4642,41924,5832,1073,960,860,480,465,5182,1948,633,260,188,1824,672,1004,948,4448,200,160,232,11484,5095,2936,23844,22664,26441,7692,8971,65768,1708,668,276,133,2785,9731,6683,24553,13572,6342,2280,5529,28051,25011,12857,4848,11521,55389,254074,54301,58871,478037,,,,,,,,
,149453,96731,,,757,3105,,1806,849,253,133,1197,3717,,,,,,1225369,2.2709,,,0.671,6.1,,,349212,77,,,,,,,,,,,,,,,,,233209,22932,15596,3955,5388,2717,16518,126042,83439,21183,666,12234,10002,142653,,,,,,,,,,,,,,,109982,1568,817,63578,10888,212,216,96,2306,152,708,244,21115,8968,1606,2680,3541,1264,1808,3185,5626,2508,113573,,,,,,451566,73672,62941,149453,228107,502175,51494,92500,165962,156600,50488,44915,111230,,,,510,2335,1813,1469,6132,1451,271,6332,2095,1103,543,450,89,827,4810,6979,962,613,,,,,,,,,,,,,,,,,1846591,0.9662,0.7989,0.9119,0.7574,0.8503,,,,,,0.305,0.61,0.122,0.122,0.488,1.83,0.488,0.244,0.0915,0.1952,0.9333,,,,2976,29995,,,,,,,,,,,,,,,,,,,,,,,,,,,,,,,,,,,60432,20507,24396,2176,32486,173183,38912,92999,954887,97381,38503,8370,12263,10163,6984,2788,2373,387,421,4694,61598,16575,42269,29148,31780,386880,66984,1787,5415,4417,6467,2362,172,908,352,304,4258,19216,8302,96552,9196,31436,26108,284236,32072,13403,3820,4465,1866,1352,1133,1304,704,2630,30740,3461,17772,5029,36772,6739,2902,3251,4436,4898,329,974,674,747,4936,14488,4148,16590,3504,10621,25109,141118,,,,,,,,,,,,,,,,,,,,,,,,,,,,,,,,,,,,,,,,,,,,,,,,,,,,,,,,,,,,728,1012,803,332,584,3459,59155,28697,18842,216676,50624,7092,7954,10644,76314,11570,3440,914,2084,18008,892,184,140,352,492,172,64,89,9072,13169,96707,21684,360,3317,1972,27333,1000,37,108,772,1917,1534,596,524,376,3030,164,36,276,260,736,76,600,24598,1109,4445,3488,33640,2996,576,712,516,4800,1294,388,260,364,300,112,144,1157,272,124,200,1753,96,124,124,156,500,528,328,268,376,1500,6371,1800,1632,1764,11567,30969,2909,6077,5252,45207,9499,20247,4576,3609,37931,1476,624,716,612,3428,144,48,68,504,11119,5340,4289,41863,6084,1080,1076,728,424,437,5147,2388,681,280,192,1880,660,1276,564,4380,124,160,260,12082,5261,3316,23844,23201,26376,8656,7474,65707,932,668,236,68,1904,9561,6460,24155,14871,7951,2624,5504,31370,25364,14245,5368,11324,57429,253094,57870,53889,481726,,,,,,,,
,168672,100517,,,748,3193,,1725,963,264,140,1152,4218,,,,,,1361535,1.5677,,,0.7684,7.684,,,486677,71,,,,,,,,,,,,,,,,,225003,27749,13301,5594,5012,2334,15805,140429,81601,18668,662,13032,9872,140534,,,,,,,,,,,,,,,117959,988,976,71668,12972,164,216,132,2392,112,848,244,21312,9528,1464,2440,4224,1240,2096,3144,6057,2432,116329,,,,,,562764,94177,71411,168672,278071,584013,45289,97887,151222,166762,49162,50132,113921,,,,489,2378,1845,1576,5334,1370,270,7624,2123,738,584,433,101,1011,5414,7043,338,1219,,,,,,,,,,,,,,,,,1886097,0.9934,0.7259,0.9036,0.7755,0.745,,,,,,0.461,0.6147,0.2305,0.2305,0.53788,2.6126,0.461,0.3074,0.15,0.2305,1.0757,,,,3888,44535,,,,,,,,,,,,,,,,,,,,,,,,,,,,,,,,,,,71836,20864,29749,2305,33062,147757,34619,87282,944302,97874,50043,8811,17560,12858,5860,4292,1787,354,375,4365,72227,17009,37635,28591,30054,408363,64619,1985,5512,4912,7312,2117,351,719,309,274,4331,22552,9586,80776,7915,29941,25139,268350,31213,13312,3726,4548,2036,1248,1139,1020,1014,2424,30793,3440,15949,5106,31297,6496,2815,2729,5543,4076,289,1367,651,642,4685,14857,3027,13397,2930,10037,22217,127055,,,,,,,,,,,,,,,,,,,,,,,,,,,,,,,,,,,,,,,,,,,,,,,,,,,,,,,,,,,,571,949,704,312,491,3027,60432,28442,17267,224100,57848,8424,8656,11792,86720,12736,4212,1004,2512,20464,556,136,140,156,528,200,92,156,9892,14616,109148,26372,500,3576,2033,32481,1316,68,152,1000,2536,2232,772,624,444,4072,356,32,288,576,1252,84,596,30460,1464,4880,4197,41001,4183,672,780,384,6019,1524,380,196,292,436,92,208,1092,208,124,212,1636,184,160,112,180,636,817,364,240,408,1829,8236,1876,1660,1588,13360,38696,3340,6540,5785,54361,10684,20388,4988,3036,39096,1720,680,788,564,3752,276,64,44,628,12680,5840,3644,43476,6596,1048,1184,700,552,368,4824,2924,728,388,184,1992,772,1192,636,4592,176,220,460,13152,5208,3760,25264,25832,26520,9600,6788,68740,968,763,252,100,2083,9156,6326,23971,12608,6245,2144,4613,26062,22732,13065,4828,10299,52116,276887,59302,52694,508465,,,,,,,,
,200977,89685,,,832,3272,,1643,1068,264,150,1454,4902,,,,,,1431172,1.3713,,,1.0812,9.01,,,423098,67,,,,,,,,,,,,,,,,,234460,29262,14230,7284,5429,2992,18853,161358,88771,17751,882,14627,10699,159622,,,,,,,,,,,,,,,131084,856,724,86501,13555,256,252,104,2796,164,1164,236,21117,9511,1468,2732,4552,1316,1896,3319,6677,2725,124165,,,,,,638168,113545,79687,200977,275494,635767,44728,112147,136697,176617,44050,54238,139254,,,,547,2494,1815,1729,5783,1367,330,8293,2007,701,617,453,103,1268,5424,6690,930,1173,,,,,,,,,,,,,,,,,2284242,0.9054,0.8722,0.9862,0.8494,0.8451,,,,,,0.4505,0.8109,0.1802,0.1802,0.4505,3.1535,0.364,0.3604,0.225,0.3154,1.3515,,,,4055,50834,,,,,,,,,,,,,,,,,,,,,,,,,,,,,,,,,,,87907,21179,33048,3033,34557,145548,34232,93781,1015924,99825,62887,9177,18343,13735,6431,5788,2003,619,557,5479,87393,18545,38333,32066,30903,449835,67109,1947,5269,5051,7149,2502,283,845,401,366,5162,21360,8946,76242,8097,31317,28710,270756,35758,16382,4300,5041,2517,1375,1205,1249,1402,2831,34806,3693,17487,5368,31768,6691,2433,4613,5861,3922,331,1376,723,708,5381,17799,3373,13486,3016,10761,23469,135711,,,,,,,,,,,,,,,,,,,,,,,,,,,,,,,,,,,,,,,,,,,,,,,,,,,,,,,,,,,,763,858,765,224,714,3324,66918,34284,18593,250879,70421,8991,9108,12512,101032,15132,4308,1080,2521,23041,464,148,136,108,484,108,56,76,10380,15217,125653,34960,452,4460,2016,41888,2096,52,196,320,2664,1864,800,660,408,3732,284,72,220,452,1028,84,696,39496,1460,5792,3300,50048,5284,648,836,652,7420,1832,432,292,240,688,108,204,1220,252,156,212,1840,124,216,176,208,724,768,377,288,404,1837,9916,2033,1952,1880,15781,49412,3493,7744,5180,65829,11872,20109,5212,3016,40209,2384,772,952,492,4600,176,48,80,540,14432,6212,3588,45349,6312,1232,1248,719,584,380,5164,3220,780,376,176,2116,760,1292,720,4888,180,228,172,13296,5732,3664,26011,27728,26849,9876,6907,71360,928,721,200,76,1925,10968,6272,26642,12695,5952,2024,4240,25323,24591,13350,4949,9896,53890,319316,67233,53708,567611,,,,,,,,
,192985,105709,,,931,3511,,1660,1216,303,171,1755,6979,,,29539,,,1341600,1.4513,,,0.9617,8.743,,,382740,79,80.92,23.85,396.15,50.78,381.52,52.76,5.16,10.58,579.14,,290.7176857,,,1002.474778,109.6,272.03,245294,32926,15293,8051,5860,3689,22031,197406,103868,18858,1022,16433,12142,178245,,,,,,,,,,,,,,,158929,3036,956,112965,16719,576,464,200,3132,156,1124,312,22265,10656,1584,2893,4688,1164,1912,3405,7665,3032,137630,,,,,,704428,127736,90608,192985,276390,727219,45012,118189,156908,220469,49906,65575,135310,308978,,,587,2584,1983,1872,6517,1387,430,9218,2249,602,646,503,142,1635,5900,8300,1747,1836,,,,,,,,,,,,,,,,,1648913,1.2555,1.0257,1.0942,0.9562,0.8084,,,,,,0.3497,0.6987,0.1747,0.1749,0.4372,3.0601,0.3497,0.2623,0.2623,0.3497,1.6612,,,,5107,56461,1758.83,1144.32,280.88,57.07,3416.12,220.92,289.85,677.4,845.1,115.22,38.75,1477.64,1327.25,656.95,238.95,90.72,2511.09,90.41,24.85,2.8,182.63,105.53,574.65,211.36,234.47,77.32,12.19,593.9,355.11,117.82,55.87,102.97,29.66,6.21,107597,24086,35363,5300,40936,153417,37362,104985,1143464,97884,77413,10649,20362,15819,6529,6163,2128,731,835,6087,113363,21814,40738,39810,34900,514083,66804,2662,5867,5401,8206,2660,366,910,551,459,6217,25414,10632,78614,8127,35048,29394,287332,41280,19109,4189,5429,2699,1590,1321,1324,2543,3245,35722,4284,19474,6439,39326,8413,3381,4171,6202,4514,500,1501,1083,1463,6482,22907,4206,14591,3938,12577,28549,163804,,,,,,,,,,,,,,,,,,,,,,,,,,,,,,,,,,,,,,,,,,,,,,,,,,,,,,,,,,,,1536,1195,815,287,804,4637,73584,38292,22753,293558,90672,10859,8561,12868,122960,20161,5480,1296,2896,29833,1504,252,212,1068,628,128,96,104,10165,16936,156785,42188,712,5004,2360,50264,2468,32,192,496,3188,2396,976,632,348,4352,460,44,288,348,1140,104,1344,48096,1868,6588,3772,60324,6420,708,924,520,8572,2112,440,308,272,580,192,196,1424,269,176,172,2041,260,228,172,260,920,888,376,324,448,2036,11684,2213,2100,1828,17825,59780,4081,8688,5600,78149,13447,21117,5384,3664,43612,3224,836,1196,720,5976,292,116,124,844,16963,6696,4508,50432,7196,1176,1500,784,584,352,5413,3152,888,412,236,2772,908,1656,865,6201,260,208,280,14964,6073,4428,28870,31927,28338,11124,7913,79302,696,652,212,76,1636,12564,7507,30768,15093,6591,2352,4832,29360,28353,14908,5596,11635,61764,391954,73865,62441,669558,,,,,,,,
,205667,120532,18467,11094,980,3720,,1785,1537,337,183,1282,7043,,,39047,88801,,1382000,1.4911,,,0.7417,7.419,,,437931,85,91.58,32.84,451.68,61.8,418.76,55.46,6.88,43.23,778.52,,341.997727,,,1179.302507,153.26,349.02,336707,38666,17744,11962,8056,4849,24724,247048,122487,23055,1436,17880,12683,196270,,,,,,,,,,,,,,,128858,5071,1323,144443,16679,499,541,185,3627,137,1671,287,23906,12040,1983,2745,6314,1664,2692,4759,12984,2821,151563,,,,,,793341,156401,109203,205667,253849,1033525,55924,143865,174182,354195,60731,72689,129469,363479,49852,113835,611,2581,2211,2009,6970,1528,499,7708,2875,596,722,512,189,1738,7000,9300,1761,1981,,,,,,,198612,139324,76358,46949,270872,78631,77369,30082,10960717,3746413,2199910,1.1982,1.1459,1.1442,0.9321,0.8111,,,,,,0.3709,0.5293,0.1484,0.2226,0.2226,2.5966,0.3709,0.1484,0.2225,0.2225,1.6322,,,,6339,73342,1894.72,1246.32,320.32,79.65,3736,238.99,342.23,770.19,846.75,141.2,46.72,1587.11,2122.16,812.05,310.51,135.89,3612.72,98.25,24.07,3.44,202.53,136.09,650.75,228.51,256.93,119.07,23.06,690.63,438.7,154.21,88.31,124.44,41,8.07,145636,33540,44990,6217,46990,176053,41888,122571,1430128,150262,112204,16636,28601,18946,7935,9415,3451,911,1218,7648,152109,26849,53168,53544,43913,709865,86617,2465,6887,6535,10082,3078,448,1007,825,734,7387,28065,10506,83450,8521,37248,32392,326247,45108,20812,6119,5972,3075,1668,1597,1807,2451,3884,37726,4141,23919,5992,54720,10155,3898,3882,6563,5063,663,2001,1306,1814,5805,29148,5494,15516,4320,13815,33583,197746,,,,,,,,,,,,,,,,,,,,,,,,,,,,,,,,,,,,,,,,,,,,,,,,,,,,,,,,,,,,2169,1489,813,394,1150,6015,78024,39582,27095,273559,117008,11391,9394,16181,153974,23965,4807,1557,3997,34326,2542,294,353,1882,928,187,23,185,11327,22245,194694,53517,857,4595,3687,62656,4163,75,194,217,4649,3529,876,967,489,5861,434,64,278,365,1141,186,1411,62203,2058,6593,4960,75814,11386,898,1061,836,14181,2350,664,280,333,1164,126,244,1895,253,204,235,2587,381,456,235,315,1387,1099,495,329,457,2380,18275,2892,2353,2313,25833,80478,4950,8946,7273,101647,17508,22590,5391,4182,49671,5442,1029,1167,1182,8820,414,59,88,848,23364,6617,5452,59339,8224,1393,1464,959,549,511,5788,4662,900,472,280,3315,1128,1518,1336,7297,408,333,287,18592,6499,4281,34131,41956,30405,10898,10211,93470,935,823,227,126,2111,14752,7127,37684,14862,7698,2016,5319,30259,30549,21505,5064,11713,70054,426284,75817,75867,733424,,,,,,,,
,187450,127457,24172,10274,987,3667,,2108,1915,356,206,1110,6690,,,50312,113706,4437500,1677071,1.3032,,,1.1865,8.475,,,485495,89,131.36,39.97,546.85,96.51,535.66,70.9,7.48,95.09,1584.07,,424.5080219,,,1572.251933,234.94,551.75,427243,47123,21475,16061,11156,6882,27680,310618,152158,31516,1984,19837,13660,226638,,,,,,,,,,,,,,,119469,5227,1644,164551,18072,693,660,328,6240,397,2106,419,29975,16438,2203,3033,7777,1155,2697,5383,17948,2974,182249,831,1134,1931,1122,,749244,166024,123737,187450,259163,1240470,101362,158712,185955,1094004,73536,69300,133667,484592,54992,122372,622,2715,2311,2112,6345,1501,617,10291,3350,747,706,566,257,2387,6900,11200,1786,1829,,,,,,,149281,175343,80023,59000,276616,77765,93062,40412,11867886,3742011,2750216,1.1194,1.1158,1.1844,0.9515,0.8762,,,,,,0.4238,0.5933,0.1695,0.1695,0.2543,2.8815,0.339,0.2543,0.2542,0.339,1.6103,,,,6472,84073,2201.91,1817.39,355.07,115.52,4732.16,337.74,558.75,1164.98,732.25,113.17,43.81,1511.57,4404.53,1493.53,547.19,192.25,7024.04,154.96,38.04,4.08,312.8,241.95,907.12,290.39,281.07,87.69,23.29,753.11,921.87,341.52,139.5,222.63,53.8,9.69,215604,42714,56977,10864,52763,198969,53274,134104,1785665,207734,175228,21997,37626,24200,10708,12313,5150,1383,1257,8930,199490,30998,67573,73752,47563,957418,101512,3176,8168,7760,11385,3535,657,1669,1018,929,8403,29676,11429,92322,10370,42058,36314,370381,55758,22961,7443,6739,3468,1673,1771,2168,3244,4151,47008,4887,23187,6699,62239,14239,5106,4852,8070,5559,1107,2566,2313,5434,6196,34444,5449,15887,4689,16511,36567,231228,,,,,,,,,,,,,,,,,,,,,,,,,,,,,,,,,,,,,,,,,,,,,,,,,,,,,,,,,,,,2402,2086,1016,395,1317,7216,90783,44048,40294,294594,136385,12219,9992,21758,180354,24353,5245,1282,4673,35553,2748,349,198,1932,1065,259,88,232,11560,28595,222778,64594,1186,4939,5431,76150,6000,72,254,317,6643,4562,1420,1088,608,7678,813,44,369,792,2018,518,2199,76685,3248,7334,7490,94757,10955,1275,1109,1593,14932,3739,1666,221,614,1296,213,200,2160,293,130,266,2849,482,587,233,301,1603,1299,746,193,741,2979,19931,4780,2086,3912,30709,96616,8028,9420,11402,125466,21347,28229,6251,5221,61048,8889,1327,1235,1956,13407,579,64,166,1228,30815,7550,7343,75683,11998,1964,1319,1157,577,509,6322,5625,1125,427,600,4840,1404,1687,1938,9869,542,389,611,25208,7915,4597,43103,56023,37890,12147,12726,118786,845,988,247,205,2285,15438,11296,47656,10086,8540,1935,11824,32748,26369,27476,5156,22471,82689,463028,82331,113459,844313,1520,1668,1526,653,1476,1121,1531,1389
,165613,117306,35522,10333,1112,4235,,2721,2133,459,300,1200,8300,,,35314,133553,4494570,1760595,1.0838,,,0.8902,7.419,,,487250,91,199.36,42.47,614.44,185.89,547.69,90.39,9.27,175.5,4765.92,,839.5968457,,,3109.617947,272.38,669.4,534289,52129,29572,19206,15866,9236,35193,326920,193901,40463,2125,28888,19158,291225,,,,,,,,,,,,,,,85164,4515,1542,151502,20649,847,897,611,9664,989,3651,682,37754,20111,2425,3525,8635,649,2521,4890,17488,3120,206889,1509,1257,1919,1601,,624400,150509,118919,165613,259025,1176189,166995,162135,175546,1132904,87779,74370,140602,683604,58230,126063,670,3064,2660,2325,7745,1684,652,11919,3979,1001,725,644,495,2881,7400,12200,2400,2500,,,,,,,150113,254528,89318,60230,271318,87997,102172,51331,14088643,4455953,2708145,1.0669,1.0191,1.1061,0.9832,0.9322,,,,,,0.3709,0.7419,0.2225,0.1484,0.2225,2.1514,0.2967,0.1484,0.2226,0.4451,1.4096,,,,8103,125132,2257.35,2122.95,499.97,86.79,5237.96,507.59,599.1,1452.34,834.62,143.09,55.15,1744.06,6126.81,1752.71,590.94,205.52,9149.21,291.33,78.68,10.45,630.12,219.64,934.47,277.1,285.97,111.26,31.1,780.3,3006.67,960.12,375.32,266.28,79.92,13.28,352342,49445,63481,17994,66711,260331,65939,157720,2250275,279233,295732,25743,40597,26207,16390,14442,7649,2131,2156,12073,202457,38941,103449,95495,57147,1260305,131017,5030,9592,9223,13203,4011,997,2015,1154,1494,10181,34151,13734,110014,11983,49265,41670,448734,70962,29225,8529,8492,4448,2701,2423,2968,5124,6313,55904,7118,28997,7850,53077,22355,5581,5169,8271,6470,1642,3779,2983,9220,6626,34408,6918,17871,5643,20253,39745,250011,,,,,,,,,,,,,,,,,,,,,,,,,,,,,,,,,,,,,,,,,,,,,,,,,,,,,,,,,,,,2056,2639,1392,577,1188,7852,95679,51159,34412,266414,123357,13795,13383,16990,167525,24941,6164,1595,4437,37137,2275,355,325,1560,929,335,83,195,15386,23182,210719,80469,1850,5924,5546,93789,7223,337,449,412,8421,4835,1603,1486,806,8730,1317,119,522,515,2473,527,2882,94790,4454,9316,7890,116450,10444,1639,1267,1329,14679,5200,3434,323,707,1916,483,263,3400,410,249,398,4457,584,893,238,323,2038,1752,1258,446,1015,4471,23296,8117,2786,4761,38960,118086,12571,12102,12651,155410,25409,35256,7300,4739,72704,9827,1816,1376,1445,14464,446,160,152,1440,35682,8836,6336,88608,15002,2144,1670,1295,649,464,7063,6476,1261,436,462,4762,1600,2189,2020,10571,416,432,1024,29081,8962,5968,48901,64763,46716,14804,11226,137509,688,1025,142,157,2012,11554,9616,41778,9555,12761,3013,25721,51050,21797,31274,6275,35494,94840,441312,99726,116965,864892,1373,1485,1335,706,1127,1118,1397,1416
,200871,106498,36823,9550,1221,4889,,3523,2024,549,305,1600,9300,,,35535,172553,4728690,1821100,1,,,1.0176,8.48,,,508011,87,150.33,60.5,837.63,318.32,676.01,108.77,9.47,109.74,5558.6,,830.6306815,,,3322.522726,266.4,690.65,449308,44307,29015,21521,17340,10393,33636,261769,178073,44293,2081,21489,14231,256313,,,,,,,,,,,,,,,105146,3680,1403,119309,19809,430,775,669,7457,520,3827,536,37321,23768,2758,3307,9638,1581,3158,5652,14943,2829,220264,1337,1105,1585,1553,,612262,155695,118556,200871,255294,856348,184744,170896,213868,1344641,98174,78476,126741,730408,66032,117316,697,3098,2899,2491,8587,1879,814,11738,3795,1060,850,754,913,3123,11000,13400,2900,2700,,,,,,,157613,326723,92458,64170,264572,89415,113086,66150,16512652,4853720,2692061,1,1,1,1,1,,,,,,0.424,0.7632,0.2544,0.1696,0.2544,2.544,0.424,0.1696,0.3392,0.424,1.696,,,,8711,203193,1792.68,2325.8,399.66,67.86,4858.95,468.06,822.5,1631.05,1158.23,146.09,53.24,2293.45,5213.62,2316.73,788.06,163.71,9113.7,594.15,119.65,21.92,1161.15,287.07,1137.54,399.14,349.08,146.92,27.45,1005.31,3652.17,873.63,601.51,276.4,77.03,15.85,349554,54143,65183,29086,54224,272880,68063,142249,2080744,200924,292217,26457,42575,18939,14763,15884,8318,2947,6032,10335,155073,31721,114055,91070,50859,1126462,133820,7122,12018,9544,13169,4865,1296,2170,1629,2150,10531,30490,11971,115395,11774,48673,43402,460019,66492,28153,9109,7896,3970,2818,2475,2714,4372,5163,49753,4995,23493,7109,48072,22062,6559,5168,8229,6569,2260,4377,3103,16532,7607,26453,5537,19937,4887,16841,33757,237950,,,,,,,,,,,,,,,,,,,,,,,,,,,,,,,,,,,,,,,,,,,,,,,,,,,,,,,,,,,,2309,2515,1678,536,1224,8262,109358,58024,39689,312217,97126,13385,12244,14754,137509,18990,5939,1644,4346,30919,2283,296,315,786,910,189,139,165,14342,20051,173511,82625,1947,6391,6359,97322,11327,663,749,1089,13828,9519,2753,1829,1373,15474,1377,163,491,814,2845,639,2513,105382,6212,10235,10304,132133,11135,1485,1219,969,14808,3818,2491,442,706,2588,438,281,2821,549,312,442,4124,773,1730,251,324,3078,1838,1410,387,1131,4766,22973,8103,2892,4092,38060,128355,14315,13127,14396,170193,27064,35347,6281,5645,74337,10542,1438,1486,1416,14882,661,107,139,1443,38267,7874,7200,90662,18431,2320,1599,1418,583,478,7126,7242,1414,430,552,5479,1536,1922,1623,10560,436,510,631,34346,9087,5165,54250,72613,46408,13039,12852,144912,613,956,111,57,1737,11668,10254,39694,11912,14475,3562,28865,58814,24193,30374,6502,39176,100245,449616,105034,126164,901078,1407,1503,1417,588,893,1549,1134,1573
,229394,79543,37112,9525,1309,5711,,4093,2059,699,340,1700,11200,,,40897,187833,5209190,1897330,0.9281,,,1.3348,9.534,,,472182,87,255.17,54.61,754.28,301.7,738.06,121.16,17.34,77.87,7263.62,,857.8874423,,,3431.549769,330.28,786.65,418442,46614,34345,25268,19628,14091,36945,251591,188783,52159,2096,22575,15165,263630,,,,,,,,,,,,,,,120930,3458,2182,118608,21817,305,1087,1055,10021,855,5568,583,42437,29973,2918,3728,10642,1776,5866,6690,13286,3091,234816,1444,1375,1471,1358,,619685,161784,136967,229394,235064,1259837,184592,183523,253502,1298039,82561,76065,118963,754376,76421,122903,781,3314,3073,2655,9447,1996,1071,11110,3528,1092,797,841,866,3125,10900,11000,3600,3900,,,,,,,204870,361528,113307,73168,281212,101364,111276,74273,15207079,4907785,1857810,1.1074,1.0796,1.063,1.0834,1.0697,,,,,,0.3814,0.7627,0.1907,0.1926,0.193,2.8602,0.4767,0.1926,0.4767,0.6674,1.8115,,,,11293,119635,1562.31,1993.19,502.86,75.48,4348.9,467.03,713.85,1573.22,888.07,174.41,44.65,1955.4,4961.93,2545.15,898.53,263.1,9227.19,567.31,110.95,32.79,1086.14,287.52,1219.79,488.84,395.47,164.71,36.3,1172.63,4871.02,1230,683.58,300.26,98.15,18.95,479864,54482,75876,23700,53736,277742,74165,139553,2214825,184264,415434,26074,48562,22253,17895,18474,10485,4567,3683,10620,140819,29379,120638,100196,50060,1255562,126631,6734,12716,10339,12361,5650,1781,2543,2637,2086,12351,35152,14372,112320,10313,47802,40230,456018,66165,30297,8295,9062,3742,3155,2643,3530,4921,5807,50131,5107,24052,6887,41382,27399,7397,7913,8258,7645,2917,3957,3357,13010,8167,25489,4878,20732,4806,18210,34098,239615,,,,,,,,,,,,,,,,,,,,,,,,,,,,,,,,,,,,,,,,,,,,,,,,,,,,,,,,,,,,2427,2913,1570,486,1699,9095,119620,58501,42662,341713,95846,14662,13201,15955,139664,19288,6431,1950,6314,33983,2155,411,324,568,1319,313,143,407,15618,23244,179287,91274,2447,6372,7747,107840,9585,1070,605,1585,12845,8816,2913,1465,2266,15460,1923,223,753,1285,4184,635,3082,112071,7330,10301,14003,143705,11491,1235,1417,1064,15207,5935,2581,558,947,3641,678,394,3755,542,303,374,4974,439,711,398,642,2190,1503,1176,453,1537,4669,26764,6923,3523,5419,42629,138835,14253,13824,19422,186334,33101,40148,6680,7326,87255,10088,1706,1504,1789,15087,653,209,133,1578,43842,8393,9248,103920,24209,2581,1414,1769,659,475,7780,8177,1290,405,770,6195,1615,1835,1900,11545,376,525,3189,41875,9739,7502,65806,85717,52176,15895,15938,169726,635,1028,122,136,1921,12140,10992,39509,12816,12636,3332,28736,57520,25591,26950,6545,39864,98950,489681,110383,141130,976010,1406,1454,1295,726,808,1234,1290,1544
,283229,106599,47970,9132,1408,6236,,4437,2149,822,378,1800,12200,,,40516,138623,5221730,2050100,1.1193,,,1.3777,10.598,,,507960,82,220.63,62.62,669.06,284.7,768.05,111.47,22.86,106.62,7033.04,,955.3279969,,,3980.533321,389.29,38.91,480600,48017,36934,34728,24666,23563,39148,271731,183710,57074,2220,21330,16016,264544,4100,3700,22300,31600,4400,47400,18600,,220500,3100,8100,308800,4400,9200,118079,3917,1498,109338,22298,327,1142,664,8776,1210,6897,544,41563,34298,2830,3749,11717,1336,4234,7285,12559,2759,236562,1438,1499,1522,1193,,694290,180231,172200,283229,261182,1324399,196282,229567,319663,1640032,83272,78488,155843,875062,80733,120621,885,3451,3292,2738,10244,2088,1326,8916,3577,1012,864,940,747,2937,11100,13500,3800,4200,,,,,,,248589,384700,149668,83759,262803,109995,135406,87452,16688371,5164508,1709280,1.2001,1.2184,1.0851,1.0234,1.1471,,,,,,0.5299,0.8471,0.11,0.212,0.3179,2.8615,0.4239,0.212,0.6359,0.7417,2.3316,,,,13821,129803,1627.27,1730.1,412.81,97.28,4160.81,558.66,700.35,1673.32,802.58,166.57,57.56,1792.99,5224.41,2258.9,973.19,226.32,9184.97,650.58,124.14,30.32,1181.67,245.38,1209.2,502.79,364.95,170.97,48.56,1186.88,4425.78,1216.56,736.32,317.2,94.49,28.88,528593,62753,87500,16364,53360,263733,77724,136862,2369986,237848,478236,32615,60102,23650,19938,25297,14217,11222,3168,11003,161096,30007,114916,102169,52810,1435368,139808,7205,14988,11339,11566,4989,4077,2687,3894,2842,13640,39283,13954,113117,9675,44297,36481,473842,67995,26162,7676,9675,5238,4138,4128,4534,6598,6350,50954,5797,20384,5349,34949,16990,7474,6384,7563,7869,3134,3634,3913,3756,8155,20398,3602,15316,5626,15914,31555,196232,90100,17500,318400,16800,37200,4000,3100,18500,9500,522300,6700,10500,13800,4700,8700,220700,7600,327100,,27400,37300,5600,7700,5900,21000,105200,5300,11600,5600,,6300,33700,900,174700,70800,39800,100200,71700,11700,3200,473100,14800,130500,8500,20200,1900,1800,35100,3600,2000,29000,4400,1500,353600,2000,8800,19800,9100,2099300,2616,2487,1318,364,1573,8358,124374,54667,41389,338509,88207,15240,11439,17804,132690,17692,6413,1129,5042,30276,2551,307,210,849,888,338,96,176,12874,23871,168381,98151,3007,5806,7754,114718,10665,1611,613,1922,14811,9983,3467,1641,3473,18564,4385,345,795,844,6369,463,2596,123662,8916,9997,14700,157275,13212,1391,1568,1171,17342,5274,1978,709,815,4582,731,374,4018,615,310,715,5658,569,414,229,283,1495,1131,1201,412,1014,3758,28786,6330,3602,5208,43926,152448,15246,13599,19908,201201,36318,39025,5664,6937,87944,9769,1994,1571,2130,15464,781,76,231,1632,46868,7311,9298,105040,27628,2894,1251,2525,544,461,7584,8935,1488,434,860,7535,1804,1683,2103,13125,408,654,1836,47336,10589,5748,70958,94204,52152,13059,16583,175998,701,1038,146,160,2045,11706,10704,37728,11527,8895,2514,16672,39608,23934,22492,5419,27536,79381,498003,99618,129287,963470,1285,1302,1402,1139,1471,1290,1799,1516
25092.2284,289717,126328,78032,11546,1351,5918,5639,3948,2193,820,343,2600,13400,,,46938,137623,5328130,2063700,1.3456,,,1.9076,12.72,,,515697,83,244.9,62.64,653.36,399.18,1203.56,164.97,34.89,178.46,11810.71,,1254.395436,,,5226.647651,486.95,1120.89,447545,60374,45863,63466,33560,33518,42089,262863,192116,67891,2894,19709,17895,268604,5600,4400,25300,31900,6100,47700,24100,600,243400,3400,10500,334600,5100,6300,130260,4544,1920,103888,25184,461,1685,841,10110,1018,9905,713,47298,45705,3832,4503,12457,1867,4893,8848,14051,3468,261898,1560,1137,1342,1130,887896.51,755666,189432,219706,289717,264722,1280905,225078,236363,293295,1777310,96044,76463,211569,1149002,88263,135213,909,3079,3162,2541,9697,1853,1322,8406,3459,1013,769,835,524,3246,9900,15600,3800,4900,,,,,,,261035,343611,170708,98372,261821,108825,137901,102094,19056776,5208158,1936240,1.3432,1.2529,1.0718,1.0272,1.0737,,,,,,0.5087,1.0174,0.2543,0.2543,0.5086,2.9249,0.5087,0.2543,0.8901,0.8902,2.794,,,,14471,146002,1787.78,1849.79,486.17,90.72,4528.71,533.37,743.88,1732.96,828.36,200.55,56.33,1845.47,5182.86,2288.81,863.05,227.06,9034.46,476.56,132.99,29.27,1137.88,329.51,1816.88,582.87,542.29,229.36,48.46,1522.32,7712.26,2067.15,1189.42,407.75,123.8,32.14,629880,74745,116811,18627,48948,289905,89836,152689,2602835,205780,579028,39693,87111,32717,24586,49090,21139,19688,4493,12102,152373,26637,126060,108555,58385,1615328,126332,8173,18901,11458,13070,6176,6604,3604,4748,2216,14734,39312,14301,124070,10940,45885,38935,489459,71018,23659,8007,10473,5585,4646,4618,4327,8157,5964,47440,4711,23660,5841,44415,19020,8144,7769,9002,10455,4878,4199,4755,3761,9289,23738,3299,16115,5164,17967,37474,229444,86700,15400,340700,18000,37900,3100,3200,22300,9100,546600,7200,13300,16700,4600,10000,240300,8700,358200,,30000,44800,6300,3400,11300,27000,125300,7600,12600,7400,1700,8600,43900,3600,185200,78500,40900,101100,70400,18400,4200,501900,19900,140200,11500,18000,2700,2300,37100,3300,1800,32300,4400,2300,383200,4100,14300,24800,11600,2276200,3080,2495,1409,465,1935,9384,134404,62072,36906,363642,85551,17591,13350,14865,131357,14144,6912,1449,3344,25849,2841,452,201,1050,1352,229,140,199,15140,19458,163670,112798,3460,5148,7556,128962,20865,1791,663,1741,25060,10802,4270,1804,2451,19327,10141,574,851,1191,12757,625,3612,155166,10799,10151,13823,189939,14205,1580,1864,1395,19044,5858,2198,735,1319,7385,967,535,5163,621,460,960,7204,640,577,330,263,1810,1331,1128,334,1417,4210,34582,7071,4258,6372,52283,189748,17870,14409,20195,242222,39137,44620,6483,6283,96523,8968,1965,1340,2110,14383,654,208,149,1724,48759,8031,8542,112630,37914,3524,1121,3146,790,609,9734,9551,1594,430,882,9109,2212,1954,2344,15619,588,529,1909,60994,12362,6204,88408,109753,59660,14235,17390,201038,1360,1482,328,416,3586,13690,11610,42819,10959,9247,2723,15775,38704,26009,24780,6519,27801,85109,559658,112375,121750,1055681,1604,1065,1280,1571,1079,1755,1087,1499
24271.5134,270585,160896,96664,13298,1537,6589,5696,4324,2312,1035,322,2200,11000,,,55238,166402,5786200,2230450,1.4026,,,2.0666,13.78,2775014,6123.93,502175,89,255.93,59.06,630.42,385.86,1229.07,149.47,30.86,224.76,13909.24,3994.9,1903.61,1276.07,278.55,8004.21,523.68,1398.84,499276,80404,71542,108677,46490,62013,44522,281267,216218,80379,3613,24047,21228,318581,4500,5000,27400,33800,5500,45300,26700,1000,244500,3200,8800,300200,5000,12900,130979,5796,2240,118642,24593,524,2348,756,12638,1481,16427,856,46878,56162,5266,4226,13109,1735,5516,10003,16609,3598,259529,1112,1537,1151,1779,887068.98,776039,185290,236384,270585,267158,1440632,282392,249698,285041,1665330,128497,80022,232910,1732978,93357,136166,1047,3591,3555,2610,11428,1981,2147,9285,4461,1178,918,956,882,3758,9500,16100,3700,3300,,,,,,,291791,316683,195818,124743,270995,121083,151823,109464,21460793,5246571,2261290,1.0988,1.3231,1.0379,0.9159,0.9411,,,,,,0.5511,0.9644,0.1378,0.2755,0.2756,3.582,0.2755,0.2755,1.1022,1.24,3.0316,282.96,10857.66,2.61,17863,149459,1800.53,2374.68,671.26,122.83,5300.19,386.8,842.68,1688.45,690.54,189.41,51.39,1666.16,5999.86,2256.75,977.62,415.76,10074.43,595.37,191.14,42.37,1329.07,370.91,1862.63,706.9,580.45,266.91,39.66,1733.16,8369.16,2487.91,1756.26,553.41,175.14,56.59,670859,91993,154860,22244,50563,310287,105556,179463,2996234,226617,618631,54714,118083,49844,43932,87307,33009,42121,4508,12901,159125,26876,136294,123994,71861,1890196,138885,8522,18137,13848,14394,7553,9410,3677,5841,2817,14555,38527,13755,132092,12537,48901,47143,530594,84041,23761,9753,13321,7087,6113,4597,6562,10442,7411,57888,6217,25880,6620,49733,19945,9389,9608,9079,13944,8347,5207,7489,4477,9655,25727,3715,16021,6020,19276,39231,256863,78400,16300,347400,15500,35600,4300,3100,21800,9300,541200,6300,11600,13800,4000,8400,241100,9100,355900,2300,29800,42300,6400,5000,6500,25100,117600,8800,13000,9200,1900,9300,47200,3700,198800,83600,41900,97900,72300,26200,4300,528500,26400,131900,13000,23400,3000,2200,40500,3400,2000,31700,4200,2300,348800,4700,11000,29000,14100,2267100,3873,2690,1561,420,2061,10605,126488,67180,34328,358975,98385,17060,13649,14502,143596,15725,6642,1679,3709,27755,3130,554,300,1812,1402,337,207,294,15835,20317,179387,120342,4110,5211,6271,135934,40329,2193,652,1641,44815,13652,4959,2027,2750,23388,23148,1259,1229,1704,27340,673,4301,198291,13238,11513,13206,236248,18536,1820,1779,1748,23883,7903,2485,860,1390,13328,1148,470,7598,952,345,825,9720,618,399,242,406,1665,1847,1166,406,1272,4691,49830,7970,4102,7122,69024,248121,21208,15615,20328,305272,46894,44100,6118,6275,103387,9031,1922,1525,1681,14159,1086,204,139,2285,57011,7847,8095,119831,47343,3352,1491,3976,737,521,10750,9793,1761,480,1075,11536,2695,1927,2696,18854,664,545,2572,74602,12579,7207,104391,131613,59457,15054,18098,224222,2976,2732,404,536,6648,16390,10481,47078,12417,8442,2418,12119,35396,31783,27783,6420,23136,89122,661138,120104,116207,1156978,1491,1591,1361,1565,1224,1745,1034,1504
25828.9883,279514,174346,91092,13188,1684,6765,6010,4364,2329,1030,337,2500,13500,,,68320,186385,6939410,2681700,1.4951,,,2.226,14.84,3151672,7165.36,584013,88,273.54,89.82,693.89,437.33,1224.63,173.72,44.34,209.14,13839.86,6007.07,2186.9,1490.96,364.32,10630.92,508.08,1421.89,480378,95081,105694,142502,66842,110262,55735,289677,257784,91686,5801,34630,27221,386858,3800,4700,27900,32300,5800,42700,28400,1500,254200,3300,9700,288400,6700,15700,140263,7139,2738,129928,26129,1646,3000,1008,15539,3145,25081,803,49559,59254,6358,4188,14902,1669,7120,10745,18912,3781,280025,1103,1451,864,1197,971549.04,748911,174656,249266,279514,280080,1691283,352981,295018,265844,1761111,138569,78911,234127,1943678,104783,122104,1150,3687,3716,2632,12015,2038,1947,10074,4548,1167,959,1007,1475,4519,9800,18000,4600,4000,,,,,,,285337,309033,225312,186835,289029,123520,154069,126063,23195418,4981384,2812550,1.0004,1.3679,1.0973,0.8607,1.0205,,,,,,0.7419,1.039,0.1484,0.2967,0.445,4.4511,0.5935,0.2967,0.7418,1.187,2.6712,344.33,13557.93,2.54,25437,158777,1488.87,2442.01,571.93,125.6,4875.76,483.81,1016.51,1999.51,582.98,199.7,48.31,1621.89,7040.08,3070.89,1159.52,451.8,12165.18,611.34,199.9,70.62,1414.5,425.3,1934.19,670.23,537.22,246.07,47.03,1611.92,8886.64,2514.03,1601.16,588.29,188.75,56.8,721136,109539,187654,29671,54268,335281,122684,197649,3361837,205287,658855,64527,139336,58454,69790,117923,47268,84708,6104,18154,156021,27345,140478,142633,80447,2109016,143394,10485,22568,17037,17021,9957,10006,5194,8176,4969,15990,47532,16113,147671,16573,60436,51902,605024,91403,30525,13031,17455,9394,9181,7061,8649,14053,10389,63652,6676,29896,7841,40294,21271,9413,13826,10212,16766,8772,7319,8729,4545,11202,22472,4134,17236,6584,20085,38079,260939,83000,14700,353400,19900,35100,4300,4100,20400,8300,551400,6100,13500,14400,4500,10400,254400,9900,373500,5700,33900,45200,6300,3000,6300,30800,131000,9000,14700,9800,2200,10200,51700,4100,214100,84600,47300,91600,71900,32500,5700,551900,39200,130600,12000,27100,3500,3700,47000,4200,2200,39700,4800,2300,348000,4500,10000,30300,15200,2354500,5268,3903,2009,801,2433,14414,131284,72607,41907,386061,107729,18237,15066,17461,158493,15870,6900,1812,5167,29749,4416,638,480,1605,1913,354,115,356,17473,24589,198119,130136,4403,6110,7513,148162,48537,4250,1332,3421,57540,16707,6544,2116,2788,28155,53218,3208,2258,2899,61583,833,6487,250562,19392,14826,17696,302476,17609,1983,2504,1688,23784,9968,2741,991,1839,19714,1490,732,9176,1131,372,1199,11878,914,507,499,453,2373,2160,1587,328,1998,6073,59541,9439,5426,10322,84728,310103,28831,20252,28018,387204,53234,46487,7630,8716,116067,10060,2269,1770,2099,16198,1026,282,151,2262,64320,9682,10966,134527,49782,3729,1470,4273,793,812,12151,11174,1878,522,1328,13038,2753,2494,2663,20948,1231,720,3500,81583,13268,8779,114375,145903,62827,18461,21711,248902,6114,3366,765,1131,11376,20118,12539,55350,12754,8676,2368,11755,35553,38986,30954,6914,25425,102279,765183,135707,141650,1322565,1324,1638,1076,1553,1621,1892,1460,1343
27697.5047,349768,176014,91106,13020,1880,7259,6257,5127,2456,1187,414,2900,15800,,,159551,229273,7168790,2867490,1.0751,,,2.2256,15.897,3443173,7277.53,635767,85,321.66,71.54,797.34,687.03,1266.79,215.43,47.85,258.18,15120.28,8386.39,2566.63,1783.43,346.28,13746.29,512.88,1670.34,538383,108219,134977,152007,81357,167984,68730,304889,274265,88551,7959,33944,27394,450776,3800,3000,27800,34400,6200,42700,28900,1500,297000,4900,9700,314000,6800,24200,138998,7252,2356,121770,26913,2003,4267,1210,15231,3394,27764,1128,51791,54937,6999,4506,14121,1786,7918,10246,21660,3988,306699,1597,1342,1301,1110,1064206.39,751275,165887,275892,349768,310597,2382890,396549,376746,262735,1821279,138920,80099,202181,2243245,97820,124284,1283,4098,4013,2647,12174,2096,1942,12158,4962,1186,1074,1122,1612,5489,12000,21600,5100,4600,,,,,,,296769,351854,254175,165810,352172,145653,188406,147447,24798140,4991075,2817600,0.8964,1.4068,1.1708,0.81,0.9442,,,,,,0.636,0.954,0.15897,0.3179,0.6359,5.4049,0.4769,0.3179,0.4769,0.9538,3.179,323.98,14280.1,2.27,33328,168056,1305.27,2711.76,584.13,109.4,5010.32,450.75,1039.66,2025.12,666.4,197.82,44.71,1813.81,7580.93,4030.04,1239.38,728.4,14110.6,936.8,290.18,87.84,2182.5,563.31,2187.85,641.42,676.41,250.78,46.26,1720.31,9332.16,2850.29,1702.8,800.86,213.23,58.27,782704,131707,202373,42644,58354,347899,124168,205462,3726122,227900,696465,75457,146539,63524,89434,123333,56739,128968,9860,20998,141918,25988,134014,146648,81270,2257606,164212,14517,28474,21315,20626,12145,7842,5770,10483,8693,20592,57340,19987,162798,19513,70893,54994,700194,107898,35176,15201,20213,11980,11614,8103,12740,17556,11825,79437,8036,31788,9912,38373,36546,12575,14306,12089,21784,12873,10745,15793,6535,15315,26194,4343,19299,6192,22780,41804,317546,74500,13300,371400,17700,35700,5100,4400,18300,9500,556200,7300,15400,16000,5300,9500,265400,12200,393500,6200,34200,50300,7300,3300,8200,31900,141300,8500,16400,11000,2100,9900,54300,2500,222300,88600,51600,94900,75200,40400,7900,583500,53200,156700,14300,35400,3900,5200,58900,3000,2500,40500,5400,2500,375400,4400,11200,39900,18800,2518600,4637,4694,2251,702,1867,14151,139349,82488,41822,402657,100669,18553,16491,16490,152203,15384,6912,2151,4630,29077,4299,920,320,1713,1418,528,185,225,19147,23058,190888,132630,5465,6076,7372,151543,51791,6014,1117,6049,64971,18404,7247,2438,3358,31447,91540,5809,2514,4526,104389,1438,8918,296569,26050,16453,22609,361681,15108,2500,2433,1291,21332,9276,2839,1144,1972,21546,2112,712,9568,1100,565,1701,12934,1193,800,510,699,3202,2627,1846,859,2520,7852,59318,11197,6223,11577,88315,355887,37247,22676,34186,449996,56647,48278,8529,8945,122399,11887,2385,1569,2025,17866,1504,196,325,3153,70038,10294,11295,143418,44855,4445,1795,3842,952,885,13342,10430,1986,592,1113,13418,2890,2567,2620,21495,1890,1201,3041,77592,15028,8947,111813,147630,66819,19241,21541,255231,3504,3455,733,853,8545,18914,12723,57285,12963,11256,3055,16919,44193,35381,36371,7776,30495,110023,799666,151328,151102,1408795,1468,1370,1589,1538,1099,1515,1717,1583
27956.2276,339689,184417,96137,15277,1864,6583,6565,6016,2501,1241,493,2700,16100,6169285,66989,541619,260765,7152790,3100420,1.1438,23613000,391000,1.7,16.956,4052641,8901.45,727219,90,343.38,66.51,913.11,690.58,1822.16,247.6,56.78,232.42,13749.46,9652.3,2540.65,1706.95,683.7,15209.23,543.24,2049.65,671834,134442,154466,159397,88909,227880,83705,316895,300225,89376,9171,40835,32531,504901,4800,4600,28000,32800,7100,46800,29500,1500,317600,5400,10500,331100,8200,26600,147475,8904,2356,115044,30206,3792,5119,2194,17573,3631,31167,1267,58066,49921,8850,4615,13482,1975,7258,9027,24011,3910,346723,1577,1292,1463,1399,1195560.94,800539,178046,235006,339689,293974,1368900,357538,326418,214782,1782580,129676,86151,222319,2389341,100079,132120,1391,4694,4287,2718,13250,2292,1834,12810,4579,1063,1169,1214,2166,5457,17100,27100,5100,4500,455832,37981,237289,106644,90754,70293,250976,367823,283332,154552,326836,163508,234221,166835,26439711,4980426,2595340,0.8698,1.258,1.2222,0.7841,0.9121,5991000,4093000,566000,25025000,2067000,0.8478,1.0174,0.1695,0.3391,0.6782,6.1042,0.3391,0.3391,0.5086,1.0173,3.8999,490.21,17243.93,2.84,36905,211540,1346.16,2991.95,747.77,87.72,5478.52,510.96,1195.7,2289.26,718.88,228.73,60.68,2041.91,9411.68,5880.88,1581.69,897.33,18501.85,876.79,279.67,99.86,2098.39,760.51,2998,875.52,1044.69,307.07,44.43,2415.6,8520.89,2646.2,1529.39,1040.51,293.23,63.3,813144,153199,222807,53969,61117,367541,125423,230000,4164953,302180,726859,86217,160581,86502,98169,123876,58038,176632,12839,26625,141958,26900,146312,158608,96692,2518364,203969,13567,32025,23289,22005,15662,8638,7527,14787,10829,25160,62914,20359,167282,18951,74911,59458,781333,121947,33295,17137,22907,11681,13069,10598,13613,23510,15210,84427,9065,35425,10480,43738,39423,17820,16030,14254,27566,17712,12746,22848,6791,16710,27596,4793,18522,6616,25871,41319,360355,71900,14000,414900,19100,37300,5800,3900,18000,8700,602800,8400,18600,16700,5300,10900,289200,12500,422500,8600,34300,58300,6400,4800,9600,34400,156100,10000,17200,12500,3200,10600,60200,1500,259800,97000,56100,99100,81200,43000,6300,644100,54800,167900,16800,36300,3700,5700,61600,4700,3200,44200,5100,2800,399700,6600,13900,47000,20300,2732000,5372,7059,2424,873,2240,17968,155720,89807,42860,435862,93137,21024,18090,15138,147389,14723,7716,2155,4343,28937,5786,947,470,1701,1398,519,143,296,20858,21478,187586,144688,5777,6050,8499,165014,41773,6812,1252,5253,55090,20756,7472,2217,2863,33308,110262,7564,2505,7025,127356,2541,13646,321576,30274,17192,25896,394938,16247,2837,3195,1906,24185,10925,3369,1101,2178,24564,2009,963,9410,1424,531,1455,12820,1917,892,624,836,4269,2755,2491,931,2071,8248,65818,13022,7345,12077,98262,387394,43296,24537,37973,493200,64941,54025,8705,8814,136485,12820,2774,1789,2015,19398,1843,433,413,3956,79604,10927,11242,159839,40698,4562,1849,2812,772,709,14946,9707,2179,709,887,12660,3324,2580,2644,21208,1673,1259,2351,73588,15939,8261,106815,153192,74005,19188,20269,266654,5259,4484,1040,659,11442,19621,11815,59357,20566,15001,4413,34639,74619,45446,43496,9363,47113,145418,848551,163753,169693,1528720,1186,1433,1193,1837,1078,1490,1734,1772
29924.4321,331610,174960,76376,15424,1925,6407,6780,6940,2412,1348,617,3100,17900,6063942,73664,526858,298294,7713610,3300970,0.9685,23592000,422000,2.2048,16.96,4917044,12857.32,1033525,92,328.78,46.74,856.47,604.97,1485.74,226.29,45.1,152.06,12609.08,10139.85,2322.35,1836.33,597.91,15579.09,395.33,1636.94,685640,143644,160357,153240,68585,233816,98099,329593,328666,89294,8558,45145,34426,548766,4000,6400,34600,36000,8100,56200,34800,1900,338800,5200,12900,352000,8600,30000,140992,9625,2388,110374,31140,6444,6446,2071,18139,2907,22035,1342,61851,46698,9092,5167,12239,2074,7599,9695,23297,4167,350486,1479,1261,1366,1728,1351933.55,773309,194351,170716,331610,272454,945334,179499,214556,130405,1812634,126986,105838,263670,2364223,85634,117510,1598,4940,4941,2871,14402,2523,1522,12671,3590,948,1283,1305,2368,5118,21300,33500,6000,4900,364023,36312,272042,105738,93248,253955,337002,445162,303855,139134,359774,180906,245808,187891,28792061,4902417,2880770,0.8682,1.2284,1.2679,0.8115,0.8747,6202000,3894000,658000,33825000,2272000,0.6784,0.848,0.1696,0.3392,0.6784,5.4272,0.3392,0.5088,0.5088,1.5264,3.392,691.1,24837.14,2.78,39251,344082,1366.38,3079.05,729.15,110.24,5646.33,592.04,1042.86,2187.02,630.75,172.35,36.36,1811.3,4306.58,2997.41,965.85,535.44,9213,776.83,238.44,88.48,1856.55,614.12,2478.76,782.33,968.98,330.49,37.41,2273.95,8016.69,2301.02,1415.97,857.02,237.34,50.07,813900,151754,239314,65866,64769,410617,128919,241069,4317848,311031,723562,80966,167859,88750,95480,114698,41235,175192,14008,30817,138138,27992,167381,170570,97541,2534514,199307,15228,32415,26496,24091,18069,8923,7057,16785,12211,27938,67382,21616,174695,21095,80516,63778,817602,124949,36959,18878,27433,13224,13092,7247,15736,30333,17788,91956,9333,42358,11351,50353,38151,19495,17526,17579,33716,21061,13046,26103,9314,21556,32117,5828,26183,7179,32435,45324,416966,75900,14300,406800,22700,42300,6000,3300,24400,8700,615200,6400,21100,14500,5900,9800,322400,13600,464200,8100,38700,62600,6600,5900,9600,34400,165300,10200,18900,15400,3700,11200,67700,2800,310800,98400,60400,105200,89200,43400,7400,717000,72400,156300,17100,37000,4400,6300,66100,5700,3500,50500,5200,3700,429100,8400,15200,53500,15900,2932800,5616,8340,2509,828,2552,19845,152452,95255,44311,433010,87389,21865,18943,15377,143574,15167,8002,1736,4777,29682,6414,832,504,1875,1404,441,146,397,21329,22426,185269,140306,6330,5626,8784,161046,34560,6662,1044,3591,45857,19208,6834,2249,2101,30392,92258,8000,2300,5708,108266,2590,17551,293113,30511,17708,22330,363662,19034,3036,3316,2141,27527,11517,3437,1074,2111,16580,1873,675,8185,1635,672,1535,12027,2117,1112,691,844,4764,3059,2514,908,2383,8864,60492,13607,7336,11921,93356,353605,44118,25044,34251,457018,72858,57606,8598,9120,148182,12925,2903,1768,1728,19324,2443,306,424,4515,88226,10672,11272,172021,37091,4637,1832,3138,990,977,16226,8602,2042,502,1093,13404,3375,2669,2413,21861,2138,1123,2264,70327,16344,8257,104623,158553,78195,18929,20967,276644,5540,6263,1002,900,13705,17134,13315,57913,19845,15021,4449,34309,73624,42519,44581,9618,48524,145242,806043,170175,170479,1497183,1494,1063,984,1629,1617,1438,1050,1676
30216.8321,351175,174960,78519,14280,2340,6442,7181,7781,2613,1462,604,4000,21600,6087396,83359,441523,317812,8504780,3616870,1.0819,26071478,590336,2.1619,18.02,6167221,17548.89,1240470,79,291.8,33.27,560.84,354.31,732.2,153.33,25.82,101.7,10738.3,9213.85,2212.88,1395.63,795.66,14252.56,209.79,906.04,709381,112070,93042,149945,49149,66615,101556,373897,350830,85154,7385,44641,35140,532034,4600,5000,39600,39200,7400,56000,33000,900,337200,5500,11400,322600,9000,29200,174785,9975,2378,123181,34647,5710,6168,2060,14008,1668,14341,1644,70108,46481,10248,5218,12251,2314,7974,11288,24345,4527,386418,1557,1387,1288,1835,1372823.36,802705,210899,172166,351175,281151,1020307,259549,259858,176437,2000180,133807,89320,269337,2671628,74972,123186,1671,5236,5773,3101,15657,2867,1693,13972,3774,1029,1498,1589,2449,5586,26200,41100,6600,7400,379257,42696,244241,108639,98235,264750,457131,521186,294442,166152,363363,196972,226740,194310,33677567,4169582,3244070,1.028,1.3367,1.5472,0.9337,0.9542,6809646,4312615,718096,33757650,2475486,0.5405,0.9008,0.1802,0.3603,0.7206,6.3056,0.5405,0.3603,0.7206,1.8016,3.4238,785.39,32496.16,2.42,39607,1079960,1536.82,2091.19,622.22,97.62,4703.75,470.31,758.93,1738.51,402.19,184.98,13.1,1284.44,2386.29,1543.22,636.51,387.63,5207.72,271.16,173.16,19.18,909.66,336.27,1331.41,591.22,664.62,260.97,48.38,1709.03,6338.13,2150.22,1286.23,429.1,168.32,32.71,751083,143440,247082,76516,71688,467521,127358,276071,4167244,308254,626144,77991,158766,56824,38385,109836,23865,28484,18114,29030,157988,29884,193345,167842,108654,2218560,198424,19262,29443,29451,21526,15167,8251,7447,14271,13442,28466,75768,23186,193383,19253,79136,66569,842445,129353,31291,16529,29912,10864,8673,6617,9905,28647,17007,94016,10196,40320,11538,73350,74386,19477,28953,22856,30817,24473,11220,13955,16313,27053,46125,8422,40473,11413,59211,65708,574205,99100,12400,470200,27700,39700,7700,3700,32300,10700,713500,8400,20800,18800,8000,11700,322400,14200,483200,9500,42200,63100,7400,5000,12900,38600,178300,9600,18100,17700,5300,15100,73400,2800,349500,111800,57300,122600,135900,48200,8100,836100,81900,147300,17600,39100,3300,8700,68100,6500,4700,48600,4900,3100,399500,6600,16000,52100,19700,3161200,6556,8635,2927,926,2836,21880,174649,102373,50085,501892,99864,24574,19444,18461,162343,15532,8640,2258,4586,31016,6412,944,619,2000,1373,489,200,316,22521,25363,205712,133073,7096,5774,7034,152977,29378,6587,767,3643,40375,18027,6357,2247,2282,28913,9322,5330,1320,1714,17686,2472,16410,195762,27918,16348,16808,256836,17611,3090,3604,2438,26743,7988,3788,1172,1060,10044,1884,745,3485,1718,497,881,6581,2483,1140,597,1095,5315,2198,2710,776,2365,8049,43809,14330,7391,9507,75037,239571,42248,23739,26315,331873,70875,65206,8917,10292,155290,12498,3258,2230,3192,21178,3098,468,445,5655,86471,11615,13929,182123,35737,4883,2296,3565,916,992,17374,8255,2469,573,954,14038,3440,3188,3463,24129,2563,1207,1890,70841,17217,8863,108209,157312,87325,20478,25217,290332,5797,7095,1012,1360,15264,17299,14191,60362,23742,16109,4901,34325,79077,46838,47549,10440,49876,154703,741687,179551,176856,1484512,1622,1293,1417,1603,1655,1266,1864,1423
32613.4968,450569,104885,88534,14929,2675,7069,7505,8527,2885,1439,600,4840,26952,5617492,86514,416839,297422,9799553,4007700,1.0296,24635737,639230,3.8,20,5984501,18147.93,1176189,79,270.13,33.5,570.09,307.1,956.32,168.62,47.34,124.62,10950.34,8597.07,1886.75,1645.11,571.57,13476.58,228.64,771.65,728785,139780,90981,147475,61899,108612,111090,417059,393005,100462,7047,47452,37694,548049,8100,5200,42900,38200,9600,64600,32000,1900,343800,6500,14400,347100,13200,32400,178625,11171,3264,143046,37970,8014,7198,4343,17174,3347,23246,2090,73854,46243,12306,5358,12093,2196,9044,11019,23770,4574,411971,1653,1495,1484,1516,1532533.61,966008,253095,193837,450569,352409,1382417,372639,278460,228774,2385739,115543,93048,235928,3206452,85576,131160,1696,5875,6482,3235,17152,3140,2034,15481,4436,1045,1624,1881,2454,6608,29500,35200,8195,8956,416168,43760,280083,109548,93987,615439,565343,576945,311230,314264,380979,190720,221196,204620,39140463,4257141,3379535,1.0168,1.3382,1.7821,1.0359,1.04,7115042,4650705,687368,31291489,2400842,0.6,0.8,0.2,0.4,0.6,6.4,0.4,0.4,0.6,1.8,4,672.49,35842.86,1.88,48390,1117035,1337.29,1936.81,594.41,96.08,4302.04,366.92,558.98,1383.79,432.83,215.52,21.69,1358.02,2918.52,1438.34,827.77,328.34,5836.16,436.99,200.22,42.65,1104,302.38,1563.85,588.13,526.78,246.09,66.1,1574.71,6543.68,2007.15,1457.93,322.86,133.1,27.99,707451,139555,266952,92585,78395,528434,144504,302904,4459466,332975,604868,77675,178586,81519,38221,109119,34874,61737,28273,37993,191587,37400,248882,206439,132098,2502708,197617,20461,26605,28980,26193,16220,7924,7920,15265,14699,27653,82656,22311,195235,19202,86459,69003,864403,130019,31058,17674,34459,12518,10928,6367,11672,28715,18251,89287,10382,41978,12548,68174,51064,17601,24927,19550,25612,23385,12738,19938,20898,27193,53529,8302,42339,12292,52655,64109,544306,115300,11900,489000,27900,41100,8100,5400,32200,8700,752400,10500,24700,17800,6700,12300,312700,14300,480200,7100,37600,64200,7900,2300,14700,38000,171800,8600,20800,15300,5800,15500,75700,4900,280500,119900,55000,140800,137000,51800,6400,796900,83400,143900,17600,40700,4700,8800,74800,7700,3700,56000,5100,2900,435500,6300,13800,52600,26000,3210000,8756,8562,2842,1054,3729,24943,184176,109966,50661,523428,116070,27116,20949,16746,180881,18050,9095,2304,3847,33296,6988,1240,693,2250,1938,519,233,574,24179,23417,228612,125519,7791,5665,8370,147345,28392,6769,1287,3780,40228,18653,6684,2550,1807,29694,29439,7791,2021,3983,43234,3686,23241,210573,32879,18758,22354,284564,24119,3271,3984,2529,33903,11224,3226,1219,1505,16231,2750,918,3117,1533,474,1083,6207,3098,1525,911,1068,6602,2983,2930,925,3060,9898,60772,15235,8431,12592,97030,271345,48114,27189,34946,381594,81528,68505,8104,10134,168271,14749,3259,1930,2448,22386,3988,490,443,7011,100265,10524,13025,197668,36457,4837,2061,2888,870,1019,19553,8382,1988,804,919,16653,4289,3522,3848,28312,2969,1864,2015,76767,18336,9123,115245,177032,92190,19647,24044,312913,5264,7470,1088,1074,14896,18831,14648,61823,25827,18281,4999,34414,83975,49922,49521,10661,49114,160694,819970,191642,176246,1607241,1647,1367,1292,1587,1466,1285,1721,1751
36053.1674,421513,188069,97115,17057,2860,7595,8160,8971,3125,1325,666,6184,33572,5205617,122323,449947,303266,8575819,3429325,0.7514,21791970,832642,2.94,20.9,6580850,19360.74,1331677,75,308.18,18.97,617.69,379.1,882.6,153.4,22.62,121.51,11431.69,11913.31,2860.81,2175.39,483.66,18288.19,145.69,741.32,817057,152047,98107,134329,72752,157309,126850,488086,463291,93917,7103,57983,44610,620563,12100,4800,50600,44400,12400,64600,37100,2000,374500,6100,13800,395100,14000,35000,208429,12469,3749,152683,43761,13087,8833,5932,20531,4058,26693,2530,90900,51451,15403,6285,13441,2343,9873,10743,28003,5404,476384,1830,1539,1485,1615,1587760.62,935717,249707,173359,360581,324156,1336538,425732,293105,241480,2418827,122811,103144,262940,3785845,94688,137687,1783,6448,6784,3633,18254,3249,2335,16749,5248,993,1573,1898,2028,7060,33500,40400,9769,12264,516002,42737,758763,121985,104741,628111,465183,485876,302192,313003,420094,177757,219114,199039,45175166,3793805,3107408,1.3283,1.3976,2.145,1.3467,0.9758,7049426,4587802,683039,25253002,2171330,0.42,0.84,0.315,0.525,0.63,6.72,0.63,0.42,0.84,1.68,4.807,810.42,37977.86,2.13,60026,1328157,1247.04,2353.87,801.49,56.89,4868.77,470.51,593.24,1584.71,376.7,232.1,17.78,1373.62,3218.78,1698.96,895.67,291.17,6457.78,515.46,235.19,82.2,1373.42,260.71,1412.3,617.9,657.26,344.59,28.01,1835.12,6465.62,2311.07,1534.29,370.26,141.28,18.65,720989,154096,285733,120237,88258,580452,143255,328367,4931215,355154,606202,83219,184575,90343,44129,94830,38559,92383,40592,37346,216747,39259,277424,234096,128203,2656978,239085,21538,29171,32294,27127,15106,10034,9296,19669,17213,31261,101578,26974,209249,20932,93000,74277,977804,144105,34746,20150,40075,13872,10360,8584,17674,35429,22556,91927,12048,44745,14596,78713,58503,21556,28789,20705,28512,22362,16313,27583,27003,35687,77834,9977,49034,13810,78212,81277,675870,75100,17600,527600,28900,38500,8800,5300,36100,8400,763400,10800,26700,19200,7900,13100,338800,13400,524700,8900,45800,72900,8500,7300,15100,47100,205600,7600,21900,16100,8500,16900,83600,6400,279900,135400,63500,153400,151500,59900,7900,869200,92800,154900,22700,45200,6400,9700,80900,5200,4300,73800,6600,4700,504000,8100,14800,58100,34300,3498200,9579,13378,3218,995,6205,33375,205433,113935,46065,573862,124831,31733,20718,18499,195781,17349,10114,2574,2934,32971,8025,1336,518,2590,2478,578,309,384,24119,24407,244970,127630,9060,6391,8292,151373,29239,7391,987,3231,40848,18995,6810,2582,1555,29942,47048,11368,2185,5980,66581,5650,33502,236241,40378,21036,25139,322794,25219,3886,4339,2281,35725,13913,3822,1548,1248,18530,3220,885,6000,1490,640,917,9047,4361,1939,802,1225,8327,2633,2843,985,3223,9684,70656,17200,9199,12952,110007,306897,57578,30235,38091,432801,97631,84346,9268,9005,200250,16400,4024,1663,2578,24665,6027,506,496,9559,120058,11437,12079,234474,40561,5500,2342,3048,958,1227,23873,9097,2760,862,722,21025,4791,3635,3061,32512,4037,1753,1740,90123,21089,9195,131150,210181,111989,20632,22822,365624,5442,8366,1038,1354,16200,23285,16003,72695,22331,21254,5276,29091,80613,51058,57623,11718,42886,169508,929248,200639,149513,1786765,1366,1568,1411,1556,1625,1185,1628,1385
38472.7532,426166,236275,96381,15798,2865,8250,8771,9300,3253,1415,769,7401,41059,4399591,92176,532391,286210,8492853,3259398,0.7823,19845303,877387,3.78,21,6795413,20078.8,1259837,82,300.24,23.76,666.84,447.27,631.55,161.18,33.44,101.37,10696.36,14656.94,3549.66,2949.27,335.88,22993.58,174.58,695.93,814887,149386,97878,110089,79929,175604,123426,446470,408306,97334,4934,43431,39604,570150,10000,4400,46000,42900,9900,71500,34900,1900,390900,5900,14100,293400,12200,32800,242130,12968,3253,150185,43633,22487,12488,10863,21074,3925,20814,2969,91072,52482,17047,6220,14155,2430,9507,11988,28832,6302,499730,1566,1452,1457,1475,1617737.85,1000844,264967,172654,379965,343294,1395020,457438,329604,259336,2428776,142487,114472,314857,4448583,83126,139345,1967,7033,7102,3927,19211,3301,2670,18518,5911,1022,1435,2033,2020,7409,41500,39100,12752,14293,291008,38116,906740,104198,85446,521601,460283,528125,339333,278708,468688,185540,217551,201287,50083105,4206853,3236384,1.8614,1.4997,2.1453,1.5754,1.0015,6550276,4280342,718861,19566838,2182125,0.63,0.841,0.273,0.63,0.63,5.88,0.63,0.42,1.26,1.6801,4.347,915.92,38300.56,2.39,64363,1284786,1673.1,2698.78,866.22,158.9,4895.56,375.07,712.07,1655.72,368.8,239.54,17.04,1465.49,2551.01,1664.96,734.1,186.96,5513.06,612.09,200.59,89.51,1514.05,263.81,1178.69,689.15,662.87,326.83,17.41,1882.72,6023.09,2384.16,1349.48,327.84,107.77,19.32,673557,154151,295976,158006,93159,617232,147620,309795,4855471,339547,482065,81715,171568,82798,42461,76263,38083,103821,66808,37594,196182,43492,295408,208994,120186,2484319,231365,26616,28438,31263,24691,15407,8183,11019,21234,18402,24899,92049,26840,210180,18842,83612,69307,942347,146820,33498,19732,37756,13412,9071,9245,13800,36625,21710,74069,10723,43183,12537,97155,131378,24266,55389,28485,30939,20709,21582,36749,36171,39223,84170,12104,68461,18907,72269,80698,858655,94200,20000,599600,28000,33500,8900,5500,37200,8300,849100,10200,26700,14800,6100,11600,300800,16100,475300,8800,40000,74700,9000,8200,16000,38800,195900,5800,18400,18500,8800,20300,82000,7900,288800,116400,56100,160300,166100,65500,6700,881000,109400,149500,23600,46700,6400,9100,82200,5700,5300,71000,6100,4700,398900,4800,13700,51400,36200,3442600,7862,11618,3784,966,4669,28899,216542,118942,52935,630549,119057,31636,17631,19057,187381,21120,10005,2699,2870,36694,7889,1347,545,3187,2119,645,164,325,21039,25439,240296,123539,9696,5669,10181,149085,24524,6965,1163,3536,36188,18792,6828,2470,2349,30439,58518,17712,2473,8464,87167,7336,53174,248070,48621,24312,35537,356540,22180,3864,4321,2443,32808,14238,3992,1210,1634,13178,2934,777,6034,1804,573,1243,9654,6251,2927,1034,2453,12665,2562,3165,903,3334,9964,64443,18686,8818,15032,106979,312513,67307,33130,50569,463519,108801,84473,9239,9133,211646,16175,3630,1932,2453,24190,7199,455,629,11252,132175,11626,12215,247088,41927,5003,1993,3559,815,1082,25164,9939,2605,756,855,20103,4335,2879,3836,31153,3349,2211,1517,92365,20374,7734,132461,224540,111446,19360,24203,379549,5884,8425,1506,1414,17229,27174,17557,79865,27000,23545,7341,36531,98374,60058,60802,15149,51854,195468,989426,207620,169667,1909381,1430,1603,1702,1989,1596,1455,1399,1229
38420.894,265729,212260,117330.19,43985.64,2662,8319,8426,9178,3234,1131,745,6422,35387,4513477,23705,534590,283174,7773650,2722668,0.7329,25975175,616909,4.012,20.164,8010524,24801.54,1324399,87,229.92,32.39,499.9,335.23,621.26,178.62,44.26,25.27,2612.48,15937.65,3651.27,3873.39,732.2,26776.33,135.15,613.62,790056,158972,89419,97431,82678,189688,117063,434507,398480,85516,4770,43008,34790,572364,8000,3800,51000,44500,9900,71300,37000,1800,412100,4000,17300,298900,12400,41400,242936,11559,4736,167089,46880,29488,17917,19051,22195,5685,24832,3203,97699,48951,18126,5807,15233,2669,11369,13075,28684,6810,522448,1263,1874,1491,1447,1499631.11,683791,186809,116966,281318,254254,867160,368176,234260,185398,1852378,97800,125800,286388,6825199,90277.69,163090.35,1966,7282,7242,3792,16551,3080,2857,19143,6109,1006,1234,1932,2050,7646,48100,30400,11765,10127,167164,34619,822194,100421,77531,931433,484510,559985,331909,277106,525526,172083,218175,205679,52002944,4293622,3187525,1.4583,1.5469,1.6872,1.6508,0.9983,6727747,4631878,792452,19045083,2254496,0.653,0.733,0.365,0.593,0.5243,4.637,0.612,0.4033,1.248,1.551,4.92,1010.67,46698.76,2.16,74914,1625231,879.55,1741.19,581.34,62.76,3689.44,363.4,642.85,1485.72,329.29,163.26,14.27,1154.11,1980.53,1270.53,683.61,240.04,4570.7,408.45,172.44,52.89,1128.77,257.21,1211.32,473.51,455.13,229.78,30.21,1352.96,1439.86,425.32,429.06,286.14,91.87,20.92,715447,150926,286848,190037,90862,642649,134810,270809,4840682,321889,504337,68266,151143,87371,35187,58472,36965,114474,78454,33443,175787,41734,308843,195488,104021,2401390,191512,27062,29633,32378,25862,12983,8671,9345,17522,20004,22256,75747,23536,200857,15949,75429,58831,847577,150750,35914,17093,32725,14248,8936,9765,12009,41461,18454,84350,10143,42781,11167,125905,148134,35934,70602,31491,32313,25518,26603,45683,50118,42910,98623,15449,90168,22178,84555,73167,1019351,128200,17300,597400,27400,33400,8000,4500,28800,9600,865900,10200,25600,15900,8500,13200,318400,14800,501900,11000,37500,75100,8300,6600,18000,40500,196400,5600,21000,18300,10300,17700,82900,7000,241800,109500,60400,148900,169000,79000,8600,839100,136900,140600,24600,45800,5400,8300,80700,5000,5400,68800,5500,5000,401400,6000,15200,62700,17200,3460900,4356,10253,3015,776,5407,23807,219483,117115,52936,632470,132781,34435,18917,19156,205289,24389,10402,1924,2954,39669,6484,1405,632,3038,3435,638,142,521,21615,25669,261253,143004,12137,6452,11974,173567,25448,6538,1455,4917,38358,16981,7008,2381,2503,28873,72583,22123,3384,11846,109936,10078,76534,287648,58052,31589,50453,427742,22335,4463,4039,3182,34019,14142,4318,1318,2417,15049,2893,1205,4977,1580,549,1142,8248,8557,4271,1131,3311,17270,2738,3258,950,3222,10168,67798,20783,9192,18959,116732,355446,78835,40781,69412,544474,128205,90743,9068,8970,236986,18262,3753,2069,2618,26702,9201,329,756,13489,155668,11466,12344,277177,37622,5583,2640,3106,937,1167,26037,10575,2740,1112,806,22434,5535,3580,4826,36375,4459,2487,1754,93216,22152,9522,137965,248884,119851,20988,25419,415142,4717,8462,1490,1121,15790,27610,19716,82820,27226,20253,5148,36302,93115,59553,57399,13448,53137,191725,1073908,213947,181920,2045064,1659,1564,1594,1902,1642,1359,1320,1102
